--------------------------------------------------------
--  파일이 생성됨 - 월요일-2월-22-2021   
--------------------------------------------------------
--------------------------------------------------------
--  DDL for Sequence AB_SEQ
--------------------------------------------------------

   CREATE SEQUENCE  "FINAL"."AB_SEQ"  MINVALUE 1 MAXVALUE 9999999999999999999999999999 INCREMENT BY 1 START WITH 21 CACHE 20 NOORDER  NOCYCLE ;
--------------------------------------------------------
--  DDL for Sequence CHAT_SEQ
--------------------------------------------------------

   CREATE SEQUENCE  "FINAL"."CHAT_SEQ"  MINVALUE 1 MAXVALUE 9999999999999999999999999999 INCREMENT BY 1 START WITH 21 CACHE 20 NOORDER  NOCYCLE ;
--------------------------------------------------------
--  DDL for Sequence TBO_SEQ
--------------------------------------------------------

   CREATE SEQUENCE  "FINAL"."TBO_SEQ"  MINVALUE 1 MAXVALUE 9999999999999999999999999999 INCREMENT BY 1 START WITH 41 CACHE 20 NOORDER  NOCYCLE ;
--------------------------------------------------------
--  DDL for Sequence TB_SEQ
--------------------------------------------------------

   CREATE SEQUENCE  "FINAL"."TB_SEQ"  MINVALUE 1 MAXVALUE 9999999999999999999999999999 INCREMENT BY 1 START WITH 62 CACHE 20 NOORDER  NOCYCLE ;
--------------------------------------------------------
--  DDL for Sequence T_INF_SEQ
--------------------------------------------------------

   CREATE SEQUENCE  "FINAL"."T_INF_SEQ"  MINVALUE 1 MAXVALUE 9999999999999999999999999999 INCREMENT BY 1 START WITH 41 CACHE 20 NOORDER  NOCYCLE ;
--------------------------------------------------------
--  DDL for Sequence T_OPT_SEQ
--------------------------------------------------------

   CREATE SEQUENCE  "FINAL"."T_OPT_SEQ"  MINVALUE 1 MAXVALUE 9999999999999999999999999999 INCREMENT BY 1 START WITH 21 CACHE 20 NOORDER  NOCYCLE ;
--------------------------------------------------------
--  DDL for Sequence VI_SEQ
--------------------------------------------------------

   CREATE SEQUENCE  "FINAL"."VI_SEQ"  MINVALUE 1 MAXVALUE 9999999999999999999999999999 INCREMENT BY 1 START WITH 21 CACHE 20 NOORDER  NOCYCLE ;
--------------------------------------------------------
--  DDL for Sequence WISH_SEQ
--------------------------------------------------------

   CREATE SEQUENCE  "FINAL"."WISH_SEQ"  MINVALUE 1 MAXVALUE 9999999999999999999999999999 INCREMENT BY 1 START WITH 90 CACHE 20 NOORDER  NOCYCLE ;
--------------------------------------------------------
--  DDL for Table ACCOM_BOOK
--------------------------------------------------------

  CREATE TABLE "FINAL"."ACCOM_BOOK" 
   (	"ACCOM_BOOK_NUMBER" NUMBER, 
	"USER_ID" VARCHAR2(30 BYTE), 
	"ACCOM_OPTION_NUMBER" NUMBER, 
	"SERVICE_NAME" VARCHAR2(100 BYTE), 
	"ACCOM_STARTDATE" DATE, 
	"ACCOM_ENDDATE" DATE, 
	"PAYMENT_CONDITION" VARCHAR2(30 BYTE), 
	"TOTAL_PRICE" NUMBER, 
	"POINT_USEAMOUNT" NUMBER, 
	"COUPON_USECONDITION" VARCHAR2(50 BYTE), 
	"PAYMENT_METHOD" VARCHAR2(50 BYTE)
   ) SEGMENT CREATION IMMEDIATE 
  PCTFREE 10 PCTUSED 40 INITRANS 1 MAXTRANS 255 NOCOMPRESS LOGGING
  STORAGE(INITIAL 65536 NEXT 1048576 MINEXTENTS 1 MAXEXTENTS 2147483645
  PCTINCREASE 0 FREELISTS 1 FREELIST GROUPS 1 BUFFER_POOL DEFAULT FLASH_CACHE DEFAULT CELL_FLASH_CACHE DEFAULT)
  TABLESPACE "SYSTEM" ;
--------------------------------------------------------
--  DDL for Table ACCOM_INFO
--------------------------------------------------------

  CREATE TABLE "FINAL"."ACCOM_INFO" 
   (	"ACCOM_INFO_NUMBER" NUMBER, 
	"ACCOM_SERVICE_NUMBER" NUMBER, 
	"ACCOM_INFO_CONTENT" VARCHAR2(2000 BYTE), 
	"ACCOM_HOW" VARCHAR2(3000 BYTE), 
	"ACCOM_RULE" VARCHAR2(2000 BYTE), 
	"ACCOM_CHEKINFO" VARCHAR2(500 BYTE), 
	"FACILITY" VARCHAR2(2000 BYTE), 
	"CONVEN" VARCHAR2(2000 BYTE)
   ) SEGMENT CREATION IMMEDIATE 
  PCTFREE 10 PCTUSED 40 INITRANS 1 MAXTRANS 255 NOCOMPRESS LOGGING
  STORAGE(INITIAL 65536 NEXT 1048576 MINEXTENTS 1 MAXEXTENTS 2147483645
  PCTINCREASE 0 FREELISTS 1 FREELIST GROUPS 1 BUFFER_POOL DEFAULT FLASH_CACHE DEFAULT CELL_FLASH_CACHE DEFAULT)
  TABLESPACE "SYSTEM" ;
--------------------------------------------------------
--  DDL for Table ACCOM_OPTION
--------------------------------------------------------

  CREATE TABLE "FINAL"."ACCOM_OPTION" 
   (	"ACCOM_OPTION_NUMBER" NUMBER, 
	"ACCOM_SERVICE_NUMBER" NUMBER, 
	"ACCOM_ROOMS_OPTION" VARCHAR2(40 BYTE), 
	"ACCOM_MIN_PEOPLE" NUMBER, 
	"ACCOM_MAX_PEOPLE" NUMBER, 
	"ACCOM_PRICE" NUMBER, 
	"DISCOUNT" NUMBER
   ) SEGMENT CREATION IMMEDIATE 
  PCTFREE 10 PCTUSED 40 INITRANS 1 MAXTRANS 255 NOCOMPRESS LOGGING
  STORAGE(INITIAL 65536 NEXT 1048576 MINEXTENTS 1 MAXEXTENTS 2147483645
  PCTINCREASE 0 FREELISTS 1 FREELIST GROUPS 1 BUFFER_POOL DEFAULT FLASH_CACHE DEFAULT CELL_FLASH_CACHE DEFAULT)
  TABLESPACE "SYSTEM" ;
--------------------------------------------------------
--  DDL for Table ACCOM_SERVICE
--------------------------------------------------------

  CREATE TABLE "FINAL"."ACCOM_SERVICE" 
   (	"ACCOM_SERVICE_NUMBER" NUMBER, 
	"CATE_NUMBER" NUMBER, 
	"USER_ACCOM_BOSS_NAME" VARCHAR2(30 BYTE), 
	"ACCOM_NAME" VARCHAR2(50 BYTE), 
	"ACCOM_ADDR" CLOB
   ) SEGMENT CREATION IMMEDIATE 
  PCTFREE 10 PCTUSED 40 INITRANS 1 MAXTRANS 255 NOCOMPRESS LOGGING
  STORAGE(INITIAL 65536 NEXT 1048576 MINEXTENTS 1 MAXEXTENTS 2147483645
  PCTINCREASE 0 FREELISTS 1 FREELIST GROUPS 1 BUFFER_POOL DEFAULT FLASH_CACHE DEFAULT CELL_FLASH_CACHE DEFAULT)
  TABLESPACE "SYSTEM" 
 LOB ("ACCOM_ADDR") STORE AS BASICFILE (
  TABLESPACE "SYSTEM" ENABLE STORAGE IN ROW CHUNK 8192 RETENTION 
  NOCACHE LOGGING 
  STORAGE(INITIAL 65536 NEXT 1048576 MINEXTENTS 1 MAXEXTENTS 2147483645
  PCTINCREASE 0 FREELISTS 1 FREELIST GROUPS 1 BUFFER_POOL DEFAULT FLASH_CACHE DEFAULT CELL_FLASH_CACHE DEFAULT)) ;
--------------------------------------------------------
--  DDL for Table BOOK_MANAGEMENT
--------------------------------------------------------

  CREATE TABLE "FINAL"."BOOK_MANAGEMENT" 
   (	"BOOK_NUMBER" NUMBER, 
	"USER_ID" VARCHAR2(30 BYTE), 
	"BOOK_STARTDATE" DATE, 
	"BOOK_ENDDATE" DATE, 
	"SERVICE_NAME" VARCHAR2(30 BYTE), 
	"SERVICE_OPTION" VARCHAR2(30 BYTE), 
	"PAYMENT_CONDITION" VARCHAR2(20 BYTE), 
	"TOTAL_PRICE" NUMBER, 
	"POINT_USEAMOUNT" NUMBER, 
	"COUPON_USECONDITION" VARCHAR2(20 BYTE), 
	"PAYMENT_METHOD" VARCHAR2(30 BYTE)
   ) SEGMENT CREATION IMMEDIATE 
  PCTFREE 10 PCTUSED 40 INITRANS 1 MAXTRANS 255 NOCOMPRESS LOGGING
  STORAGE(INITIAL 65536 NEXT 1048576 MINEXTENTS 1 MAXEXTENTS 2147483645
  PCTINCREASE 0 FREELISTS 1 FREELIST GROUPS 1 BUFFER_POOL DEFAULT FLASH_CACHE DEFAULT CELL_FLASH_CACHE DEFAULT)
  TABLESPACE "SYSTEM" ;
--------------------------------------------------------
--  DDL for Table CATEGORY
--------------------------------------------------------

  CREATE TABLE "FINAL"."CATEGORY" 
   (	"CATE_NUMBER" NUMBER, 
	"CATE_NAME" VARCHAR2(30 BYTE)
   ) SEGMENT CREATION IMMEDIATE 
  PCTFREE 10 PCTUSED 40 INITRANS 1 MAXTRANS 255 NOCOMPRESS LOGGING
  STORAGE(INITIAL 65536 NEXT 1048576 MINEXTENTS 1 MAXEXTENTS 2147483645
  PCTINCREASE 0 FREELISTS 1 FREELIST GROUPS 1 BUFFER_POOL DEFAULT FLASH_CACHE DEFAULT CELL_FLASH_CACHE DEFAULT)
  TABLESPACE "SYSTEM" ;
--------------------------------------------------------
--  DDL for Table CHATUSERS
--------------------------------------------------------

  CREATE TABLE "FINAL"."CHATUSERS" 
   (	"NUM" NUMBER(10,0), 
	"USERNAME" VARCHAR2(255 BYTE), 
	"USING" NUMBER(1,0)
   ) SEGMENT CREATION IMMEDIATE 
  PCTFREE 10 PCTUSED 40 INITRANS 1 MAXTRANS 255 NOCOMPRESS LOGGING
  STORAGE(INITIAL 65536 NEXT 1048576 MINEXTENTS 1 MAXEXTENTS 2147483645
  PCTINCREASE 0 FREELISTS 1 FREELIST GROUPS 1 BUFFER_POOL DEFAULT FLASH_CACHE DEFAULT CELL_FLASH_CACHE DEFAULT)
  TABLESPACE "SYSTEM" ;
--------------------------------------------------------
--  DDL for Table CONVENIENCE
--------------------------------------------------------

  CREATE TABLE "FINAL"."CONVENIENCE" 
   (	"CONVENIENCE_NUMBER" NUMBER, 
	"CATE_NUMBER" NUMBER, 
	"SERVICE_NUMBER" NUMBER, 
	"CONVEN" VARCHAR2(100 BYTE)
   ) SEGMENT CREATION IMMEDIATE 
  PCTFREE 10 PCTUSED 40 INITRANS 1 MAXTRANS 255 NOCOMPRESS LOGGING
  STORAGE(INITIAL 65536 NEXT 1048576 MINEXTENTS 1 MAXEXTENTS 2147483645
  PCTINCREASE 0 FREELISTS 1 FREELIST GROUPS 1 BUFFER_POOL DEFAULT FLASH_CACHE DEFAULT CELL_FLASH_CACHE DEFAULT)
  TABLESPACE "SYSTEM" ;
--------------------------------------------------------
--  DDL for Table COUPON
--------------------------------------------------------

  CREATE TABLE "FINAL"."COUPON" 
   (	"COUPON_NUMBER" NUMBER, 
	"COUPON_NAME" VARCHAR2(255 BYTE), 
	"USER_ID" VARCHAR2(30 BYTE), 
	"DISCOUNT_PRICE" NUMBER, 
	"EXPIRE_DATE" DATE, 
	"COUPON_USECONDITION" NUMBER(5,0)
   ) SEGMENT CREATION IMMEDIATE 
  PCTFREE 10 PCTUSED 40 INITRANS 1 MAXTRANS 255 NOCOMPRESS LOGGING
  STORAGE(INITIAL 65536 NEXT 1048576 MINEXTENTS 1 MAXEXTENTS 2147483645
  PCTINCREASE 0 FREELISTS 1 FREELIST GROUPS 1 BUFFER_POOL DEFAULT FLASH_CACHE DEFAULT CELL_FLASH_CACHE DEFAULT)
  TABLESPACE "SYSTEM" ;
--------------------------------------------------------
--  DDL for Table CUSTOMERCENTER
--------------------------------------------------------

  CREATE TABLE "FINAL"."CUSTOMERCENTER" 
   (	"QUESTION_NUMBER" NUMBER, 
	"USER_ID" VARCHAR2(30 BYTE), 
	"QUESTION_CONTENT" VARCHAR2(100 BYTE), 
	"QUESTION_DATE" DATE
   ) SEGMENT CREATION IMMEDIATE 
  PCTFREE 10 PCTUSED 40 INITRANS 1 MAXTRANS 255 NOCOMPRESS LOGGING
  STORAGE(INITIAL 65536 NEXT 1048576 MINEXTENTS 1 MAXEXTENTS 2147483645
  PCTINCREASE 0 FREELISTS 1 FREELIST GROUPS 1 BUFFER_POOL DEFAULT FLASH_CACHE DEFAULT CELL_FLASH_CACHE DEFAULT)
  TABLESPACE "SYSTEM" ;
--------------------------------------------------------
--  DDL for Table CUSTOMERCENTER_ANSWER
--------------------------------------------------------

  CREATE TABLE "FINAL"."CUSTOMERCENTER_ANSWER" 
   (	"ANSWER_NUMBER" NUMBER, 
	"QUESTION_NUMBER" NUMBER, 
	"ANSWER_CONTENT" VARCHAR2(100 BYTE), 
	"ANSWER_DATE" DATE
   ) SEGMENT CREATION IMMEDIATE 
  PCTFREE 10 PCTUSED 40 INITRANS 1 MAXTRANS 255 NOCOMPRESS LOGGING
  STORAGE(INITIAL 65536 NEXT 1048576 MINEXTENTS 1 MAXEXTENTS 2147483645
  PCTINCREASE 0 FREELISTS 1 FREELIST GROUPS 1 BUFFER_POOL DEFAULT FLASH_CACHE DEFAULT CELL_FLASH_CACHE DEFAULT)
  TABLESPACE "SYSTEM" ;
--------------------------------------------------------
--  DDL for Table FACILITIES
--------------------------------------------------------

  CREATE TABLE "FINAL"."FACILITIES" 
   (	"FACILITIES_NUMBER" NUMBER, 
	"CATE_NUMBER" NUMBER, 
	"SERVICE_NUMBER" NUMBER, 
	"FACILITY" VARCHAR2(100 BYTE)
   ) SEGMENT CREATION IMMEDIATE 
  PCTFREE 10 PCTUSED 40 INITRANS 1 MAXTRANS 255 NOCOMPRESS LOGGING
  STORAGE(INITIAL 65536 NEXT 1048576 MINEXTENTS 1 MAXEXTENTS 2147483645
  PCTINCREASE 0 FREELISTS 1 FREELIST GROUPS 1 BUFFER_POOL DEFAULT FLASH_CACHE DEFAULT CELL_FLASH_CACHE DEFAULT)
  TABLESPACE "SYSTEM" ;
--------------------------------------------------------
--  DDL for Table ID_TOKEN
--------------------------------------------------------

  CREATE TABLE "FINAL"."ID_TOKEN" 
   (	"TOKEN_NUMBER" NUMBER, 
	"USER_ID" VARCHAR2(30 BYTE), 
	"TOKEN_DATA" CLOB, 
	"TOKEN_AUTHORITY" CLOB
   ) SEGMENT CREATION IMMEDIATE 
  PCTFREE 10 PCTUSED 40 INITRANS 1 MAXTRANS 255 NOCOMPRESS LOGGING
  STORAGE(INITIAL 65536 NEXT 1048576 MINEXTENTS 1 MAXEXTENTS 2147483645
  PCTINCREASE 0 FREELISTS 1 FREELIST GROUPS 1 BUFFER_POOL DEFAULT FLASH_CACHE DEFAULT CELL_FLASH_CACHE DEFAULT)
  TABLESPACE "SYSTEM" 
 LOB ("TOKEN_DATA") STORE AS BASICFILE (
  TABLESPACE "SYSTEM" ENABLE STORAGE IN ROW CHUNK 8192 RETENTION 
  NOCACHE LOGGING 
  STORAGE(INITIAL 65536 NEXT 1048576 MINEXTENTS 1 MAXEXTENTS 2147483645
  PCTINCREASE 0 FREELISTS 1 FREELIST GROUPS 1 BUFFER_POOL DEFAULT FLASH_CACHE DEFAULT CELL_FLASH_CACHE DEFAULT)) 
 LOB ("TOKEN_AUTHORITY") STORE AS BASICFILE (
  TABLESPACE "SYSTEM" ENABLE STORAGE IN ROW CHUNK 8192 RETENTION 
  NOCACHE LOGGING 
  STORAGE(INITIAL 65536 NEXT 1048576 MINEXTENTS 1 MAXEXTENTS 2147483645
  PCTINCREASE 0 FREELISTS 1 FREELIST GROUPS 1 BUFFER_POOL DEFAULT FLASH_CACHE DEFAULT CELL_FLASH_CACHE DEFAULT)) ;
--------------------------------------------------------
--  DDL for Table IMAGE
--------------------------------------------------------

  CREATE TABLE "FINAL"."IMAGE" 
   (	"IMG_NUM" NUMBER, 
	"IMGORGNAME" NVARCHAR2(255), 
	"IMGSAVENAME" NVARCHAR2(255), 
	"GENERAL_NUMBER" NUMBER, 
	"CATE_NUMBER" NUMBER
   ) SEGMENT CREATION IMMEDIATE 
  PCTFREE 10 PCTUSED 40 INITRANS 1 MAXTRANS 255 NOCOMPRESS LOGGING
  STORAGE(INITIAL 65536 NEXT 1048576 MINEXTENTS 1 MAXEXTENTS 2147483645
  PCTINCREASE 0 FREELISTS 1 FREELIST GROUPS 1 BUFFER_POOL DEFAULT FLASH_CACHE DEFAULT CELL_FLASH_CACHE DEFAULT)
  TABLESPACE "SYSTEM" ;
--------------------------------------------------------
--  DDL for Table MESSAGE
--------------------------------------------------------

  CREATE TABLE "FINAL"."MESSAGE" 
   (	"MESSAGE_NUMBER" NUMBER, 
	"SEND_USERID" VARCHAR2(30 BYTE), 
	"RECEIVE_USERID" VARCHAR2(30 BYTE), 
	"MESSAGE_CONTENT" CLOB, 
	"SEND_TIME" DATE, 
	"CHECK_READ" NUMBER
   ) SEGMENT CREATION IMMEDIATE 
  PCTFREE 10 PCTUSED 40 INITRANS 1 MAXTRANS 255 NOCOMPRESS LOGGING
  STORAGE(INITIAL 65536 NEXT 1048576 MINEXTENTS 1 MAXEXTENTS 2147483645
  PCTINCREASE 0 FREELISTS 1 FREELIST GROUPS 1 BUFFER_POOL DEFAULT FLASH_CACHE DEFAULT CELL_FLASH_CACHE DEFAULT)
  TABLESPACE "SYSTEM" 
 LOB ("MESSAGE_CONTENT") STORE AS BASICFILE (
  TABLESPACE "SYSTEM" ENABLE STORAGE IN ROW CHUNK 8192 RETENTION 
  NOCACHE LOGGING 
  STORAGE(INITIAL 65536 NEXT 1048576 MINEXTENTS 1 MAXEXTENTS 2147483645
  PCTINCREASE 0 FREELISTS 1 FREELIST GROUPS 1 BUFFER_POOL DEFAULT FLASH_CACHE DEFAULT CELL_FLASH_CACHE DEFAULT)) ;
--------------------------------------------------------
--  DDL for Table NOTICE_BOARD
--------------------------------------------------------

  CREATE TABLE "FINAL"."NOTICE_BOARD" 
   (	"NOTICE_NUMBER" NUMBER, 
	"NOTICE_TITLE" VARCHAR2(30 BYTE), 
	"NOTICE_CONTENT" VARCHAR2(100 BYTE), 
	"NOTICE_DATE" DATE, 
	"NOTICE_IMAGE" CLOB
   ) SEGMENT CREATION IMMEDIATE 
  PCTFREE 10 PCTUSED 40 INITRANS 1 MAXTRANS 255 NOCOMPRESS LOGGING
  STORAGE(INITIAL 65536 NEXT 1048576 MINEXTENTS 1 MAXEXTENTS 2147483645
  PCTINCREASE 0 FREELISTS 1 FREELIST GROUPS 1 BUFFER_POOL DEFAULT FLASH_CACHE DEFAULT CELL_FLASH_CACHE DEFAULT)
  TABLESPACE "SYSTEM" 
 LOB ("NOTICE_IMAGE") STORE AS BASICFILE (
  TABLESPACE "SYSTEM" ENABLE STORAGE IN ROW CHUNK 8192 RETENTION 
  NOCACHE LOGGING 
  STORAGE(INITIAL 65536 NEXT 1048576 MINEXTENTS 1 MAXEXTENTS 2147483645
  PCTINCREASE 0 FREELISTS 1 FREELIST GROUPS 1 BUFFER_POOL DEFAULT FLASH_CACHE DEFAULT CELL_FLASH_CACHE DEFAULT)) ;
--------------------------------------------------------
--  DDL for Table REVIEW
--------------------------------------------------------

  CREATE TABLE "FINAL"."REVIEW" 
   (	"REVIEW_NUMBER" NUMBER, 
	"USER_ID" VARCHAR2(30 BYTE), 
	"SERVICE_NUMBER" NUMBER, 
	"STAR_POINT" NUMBER(1,0), 
	"REVIEW_CONTENT" VARCHAR2(2500 BYTE), 
	"REVIEW_IMAGE" VARCHAR2(1500 BYTE), 
	"REVIEW_COMMENT" VARCHAR2(2000 BYTE), 
	"CATE_NUMBER" NUMBER
   ) SEGMENT CREATION IMMEDIATE 
  PCTFREE 10 PCTUSED 40 INITRANS 1 MAXTRANS 255 NOCOMPRESS LOGGING
  STORAGE(INITIAL 65536 NEXT 1048576 MINEXTENTS 1 MAXEXTENTS 2147483645
  PCTINCREASE 0 FREELISTS 1 FREELIST GROUPS 1 BUFFER_POOL DEFAULT FLASH_CACHE DEFAULT CELL_FLASH_CACHE DEFAULT)
  TABLESPACE "SYSTEM" ;
--------------------------------------------------------
--  DDL for Table REVIEW_ANSWER
--------------------------------------------------------

  CREATE TABLE "FINAL"."REVIEW_ANSWER" 
   (	"REVIEW_ANSWER_REVIEW" NUMBER, 
	"REVIEW_NUMBER" NUMBER, 
	"REVIEW_CONTENT" VARCHAR2(100 BYTE), 
	"REVIEW_ANSWER_DATE" DATE
   ) SEGMENT CREATION IMMEDIATE 
  PCTFREE 10 PCTUSED 40 INITRANS 1 MAXTRANS 255 NOCOMPRESS LOGGING
  STORAGE(INITIAL 65536 NEXT 1048576 MINEXTENTS 1 MAXEXTENTS 2147483645
  PCTINCREASE 0 FREELISTS 1 FREELIST GROUPS 1 BUFFER_POOL DEFAULT FLASH_CACHE DEFAULT CELL_FLASH_CACHE DEFAULT)
  TABLESPACE "SYSTEM" ;
--------------------------------------------------------
--  DDL for Table SERVICE_ANSWER
--------------------------------------------------------

  CREATE TABLE "FINAL"."SERVICE_ANSWER" 
   (	"SERVICE_ANSWER_NUMBER" NUMBER, 
	"SERVICE_QUESTION_NUMBER" NUMBER, 
	"SERVICE_ANSWER_CONTENT" VARCHAR2(100 BYTE), 
	"SERVICE_ANSWER_DATE" DATE
   ) SEGMENT CREATION IMMEDIATE 
  PCTFREE 10 PCTUSED 40 INITRANS 1 MAXTRANS 255 NOCOMPRESS LOGGING
  STORAGE(INITIAL 65536 NEXT 1048576 MINEXTENTS 1 MAXEXTENTS 2147483645
  PCTINCREASE 0 FREELISTS 1 FREELIST GROUPS 1 BUFFER_POOL DEFAULT FLASH_CACHE DEFAULT CELL_FLASH_CACHE DEFAULT)
  TABLESPACE "SYSTEM" ;
--------------------------------------------------------
--  DDL for Table SERVICE_QUESTION
--------------------------------------------------------

  CREATE TABLE "FINAL"."SERVICE_QUESTION" 
   (	"SERVICE_QUESTION_NUMBER" NUMBER, 
	"USER_ID" VARCHAR2(30 BYTE), 
	"SERVICE_NUMBER" NUMBER, 
	"SERVICE_QUESTION_CONTENT" VARCHAR2(50 BYTE), 
	"SERVICE_QUESTION_DATE" DATE, 
	"CATE_NUMBER" NUMBER
   ) SEGMENT CREATION IMMEDIATE 
  PCTFREE 10 PCTUSED 40 INITRANS 1 MAXTRANS 255 NOCOMPRESS LOGGING
  STORAGE(INITIAL 65536 NEXT 1048576 MINEXTENTS 1 MAXEXTENTS 2147483645
  PCTINCREASE 0 FREELISTS 1 FREELIST GROUPS 1 BUFFER_POOL DEFAULT FLASH_CACHE DEFAULT CELL_FLASH_CACHE DEFAULT)
  TABLESPACE "SYSTEM" ;
--------------------------------------------------------
--  DDL for Table TOUR_BOOK
--------------------------------------------------------

  CREATE TABLE "FINAL"."TOUR_BOOK" 
   (	"TOUR_BOOK_NUMBER" NUMBER, 
	"USER_ID" VARCHAR2(30 BYTE), 
	"SERVICE_NUMBER" NUMBER, 
	"SERVICE_NAME" VARCHAR2(100 BYTE), 
	"TOUR_STARTDATE" DATE, 
	"TOUR_ENDDATE" DATE, 
	"PAYMENT_CONDITION" VARCHAR2(30 BYTE), 
	"TOTAL_PRICE" NUMBER, 
	"POINT_USEAMOUNT" NUMBER, 
	"COUPON_USECONDITION" VARCHAR2(50 BYTE), 
	"PAYMENT_METHOD" VARCHAR2(50 BYTE), 
	"BOOKERNAME" VARCHAR2(255 BYTE), 
	"BOOKERPHONE" VARCHAR2(255 BYTE)
   ) SEGMENT CREATION IMMEDIATE 
  PCTFREE 10 PCTUSED 40 INITRANS 1 MAXTRANS 255 NOCOMPRESS LOGGING
  STORAGE(INITIAL 65536 NEXT 1048576 MINEXTENTS 1 MAXEXTENTS 2147483645
  PCTINCREASE 0 FREELISTS 1 FREELIST GROUPS 1 BUFFER_POOL DEFAULT FLASH_CACHE DEFAULT CELL_FLASH_CACHE DEFAULT)
  TABLESPACE "SYSTEM" ;
--------------------------------------------------------
--  DDL for Table TOUR_BOOK_OPTION
--------------------------------------------------------

  CREATE TABLE "FINAL"."TOUR_BOOK_OPTION" 
   (	"TOUR_BOOK_OPTION_NUMBER" NUMBER, 
	"TOUR_BOOK_NUMBER" NUMBER, 
	"TOUR_OPTION_INDEX" NUMBER(5,0), 
	"CNT" NUMBER(5,0)
   ) SEGMENT CREATION IMMEDIATE 
  PCTFREE 10 PCTUSED 40 INITRANS 1 MAXTRANS 255 NOCOMPRESS LOGGING
  STORAGE(INITIAL 65536 NEXT 1048576 MINEXTENTS 1 MAXEXTENTS 2147483645
  PCTINCREASE 0 FREELISTS 1 FREELIST GROUPS 1 BUFFER_POOL DEFAULT FLASH_CACHE DEFAULT CELL_FLASH_CACHE DEFAULT)
  TABLESPACE "SYSTEM" ;
--------------------------------------------------------
--  DDL for Table TOUR_INFO
--------------------------------------------------------

  CREATE TABLE "FINAL"."TOUR_INFO" 
   (	"TOUR_INFO_NUMBER" NUMBER, 
	"SERVICE_NUMBER" NUMBER, 
	"TOUR_CONTENT" NVARCHAR2(2000), 
	"TOUR_HOW" NVARCHAR2(1500), 
	"TOUR_RULE" NVARCHAR2(1500), 
	"TOUR_EXPIRE" DATE
   ) SEGMENT CREATION IMMEDIATE 
  PCTFREE 10 PCTUSED 40 INITRANS 1 MAXTRANS 255 NOCOMPRESS LOGGING
  STORAGE(INITIAL 65536 NEXT 1048576 MINEXTENTS 1 MAXEXTENTS 2147483645
  PCTINCREASE 0 FREELISTS 1 FREELIST GROUPS 1 BUFFER_POOL DEFAULT FLASH_CACHE DEFAULT CELL_FLASH_CACHE DEFAULT)
  TABLESPACE "SYSTEM" ;
--------------------------------------------------------
--  DDL for Table TOUR_OPTION
--------------------------------------------------------

  CREATE TABLE "FINAL"."TOUR_OPTION" 
   (	"TOUR_OPTION_NUMBER" NUMBER, 
	"SERVICE_NUMBER" NUMBER, 
	"TOUR_OPTION_INDEX" NUMBER, 
	"TOUR_OPTION" VARCHAR2(2000 BYTE), 
	"TOUR_PRICE" NUMBER, 
	"TOUR_AMOUNT" NUMBER, 
	"DISCOUNT" NUMBER
   ) SEGMENT CREATION IMMEDIATE 
  PCTFREE 10 PCTUSED 40 INITRANS 1 MAXTRANS 255 NOCOMPRESS LOGGING
  STORAGE(INITIAL 65536 NEXT 1048576 MINEXTENTS 1 MAXEXTENTS 2147483645
  PCTINCREASE 0 FREELISTS 1 FREELIST GROUPS 1 BUFFER_POOL DEFAULT FLASH_CACHE DEFAULT CELL_FLASH_CACHE DEFAULT)
  TABLESPACE "SYSTEM" ;
--------------------------------------------------------
--  DDL for Table TOUR_SERVICE
--------------------------------------------------------

  CREATE TABLE "FINAL"."TOUR_SERVICE" 
   (	"SERVICE_NUMBER" NUMBER, 
	"CATE_NUMBER" NUMBER, 
	"USER_ID" VARCHAR2(200 BYTE), 
	"TOUR_NAME" VARCHAR2(255 BYTE), 
	"TOUR_ADDR" CLOB, 
	"TOUR_TYPE" VARCHAR2(100 BYTE)
   ) SEGMENT CREATION IMMEDIATE 
  PCTFREE 10 PCTUSED 40 INITRANS 1 MAXTRANS 255 NOCOMPRESS LOGGING
  STORAGE(INITIAL 65536 NEXT 1048576 MINEXTENTS 1 MAXEXTENTS 2147483645
  PCTINCREASE 0 FREELISTS 1 FREELIST GROUPS 1 BUFFER_POOL DEFAULT FLASH_CACHE DEFAULT CELL_FLASH_CACHE DEFAULT)
  TABLESPACE "SYSTEM" 
 LOB ("TOUR_ADDR") STORE AS BASICFILE (
  TABLESPACE "SYSTEM" ENABLE STORAGE IN ROW CHUNK 8192 RETENTION 
  NOCACHE LOGGING 
  STORAGE(INITIAL 65536 NEXT 1048576 MINEXTENTS 1 MAXEXTENTS 2147483645
  PCTINCREASE 0 FREELISTS 1 FREELIST GROUPS 1 BUFFER_POOL DEFAULT FLASH_CACHE DEFAULT CELL_FLASH_CACHE DEFAULT)) ;
--------------------------------------------------------
--  DDL for Table USER_INFO
--------------------------------------------------------

  CREATE TABLE "FINAL"."USER_INFO" 
   (	"USER_ID" VARCHAR2(30 BYTE), 
	"USER_PASS" VARCHAR2(20 BYTE), 
	"USER_NAME" VARCHAR2(20 BYTE), 
	"USER_GRADE" VARCHAR2(20 BYTE), 
	"USER_EMAIL" VARCHAR2(30 BYTE), 
	"USER_ADDR" VARCHAR2(40 BYTE), 
	"USER_PHONE" VARCHAR2(255 BYTE), 
	"USER_CONDITION" VARCHAR2(20 BYTE), 
	"USER_POINT" NUMBER
   ) SEGMENT CREATION IMMEDIATE 
  PCTFREE 10 PCTUSED 40 INITRANS 1 MAXTRANS 255 NOCOMPRESS LOGGING
  STORAGE(INITIAL 65536 NEXT 1048576 MINEXTENTS 1 MAXEXTENTS 2147483645
  PCTINCREASE 0 FREELISTS 1 FREELIST GROUPS 1 BUFFER_POOL DEFAULT FLASH_CACHE DEFAULT CELL_FLASH_CACHE DEFAULT)
  TABLESPACE "SYSTEM" ;
--------------------------------------------------------
--  DDL for Table VISITOR_INFO
--------------------------------------------------------

  CREATE TABLE "FINAL"."VISITOR_INFO" 
   (	"VISITOR_INFO_NUMBER" NUMBER, 
	"ACCOM_BOOK_NUMBER" NUMBER, 
	"VISITOR_NAME" VARCHAR2(30 BYTE), 
	"VISITOR_EMAIL" VARCHAR2(100 BYTE), 
	"VISITOR_PHONE" VARCHAR2(50 BYTE)
   ) SEGMENT CREATION IMMEDIATE 
  PCTFREE 10 PCTUSED 40 INITRANS 1 MAXTRANS 255 NOCOMPRESS LOGGING
  STORAGE(INITIAL 65536 NEXT 1048576 MINEXTENTS 1 MAXEXTENTS 2147483645
  PCTINCREASE 0 FREELISTS 1 FREELIST GROUPS 1 BUFFER_POOL DEFAULT FLASH_CACHE DEFAULT CELL_FLASH_CACHE DEFAULT)
  TABLESPACE "SYSTEM" ;
--------------------------------------------------------
--  DDL for Table WISHLIST
--------------------------------------------------------

  CREATE TABLE "FINAL"."WISHLIST" 
   (	"WISHNUM" NUMBER, 
	"CATE_NUMBER" NUMBER, 
	"SERVICE_NUMBER" NUMBER, 
	"USER_ID" VARCHAR2(30 BYTE)
   ) SEGMENT CREATION IMMEDIATE 
  PCTFREE 10 PCTUSED 40 INITRANS 1 MAXTRANS 255 NOCOMPRESS LOGGING
  STORAGE(INITIAL 65536 NEXT 1048576 MINEXTENTS 1 MAXEXTENTS 2147483645
  PCTINCREASE 0 FREELISTS 1 FREELIST GROUPS 1 BUFFER_POOL DEFAULT FLASH_CACHE DEFAULT CELL_FLASH_CACHE DEFAULT)
  TABLESPACE "SYSTEM" ;
REM INSERTING into FINAL.ACCOM_BOOK
SET DEFINE OFF;
REM INSERTING into FINAL.ACCOM_INFO
SET DEFINE OFF;
Insert into FINAL.ACCOM_INFO (ACCOM_INFO_NUMBER,ACCOM_SERVICE_NUMBER,ACCOM_INFO_CONTENT,ACCOM_HOW,ACCOM_RULE,ACCOM_CHEKINFO,FACILITY,CONVEN) values (1,1,'좋은 호텔\n입니다.\n많이들 와주세요','독채펜션\n· 프라이빗한 객실에서 사랑하는 가족이나 친구와 함께 행복을 찾아보세요.\n복층\n· 아동,유아 동반 시 안전에 유의하시길 바랍니다.\n독채객실\n· 프라이빗한 객실에서 사랑하는 가족이나 친구와 함께 행복을 찾아보세요.\n· 독채 객실: 버치힐동, 통나무동, 스톤힐동, 올리브동, 벚꽃동','- 체크인 6일 전 : 취소 수수료 없음\n
- 체크인 5일 전 : 취소 수수료 10%\n
- 체크인 4일 전 : 취소 수수료 20%\n
- 체크인 3일 전 : 취소 수수료 30%\n
- 체크인 2일 전 : 취소 수수료 50%\n
- 체크인 1일 전 : 취소 수수료 70%\n
- 체크인 당일 : 취소 수수료 100%\n
','체크인/체크아웃시간체크','바베큐장,수영장,카페,편의점','wifi,조식서비스');
Insert into FINAL.ACCOM_INFO (ACCOM_INFO_NUMBER,ACCOM_SERVICE_NUMBER,ACCOM_INFO_CONTENT,ACCOM_HOW,ACCOM_RULE,ACCOM_CHEKINFO,FACILITY,CONVEN) values (2,2,'b호텔좋은호텔','호텔소개?','유의사항','체크인/체크아웃시간체크','수영장,온천,탁구장','wifi,금연,보드게임');
Insert into FINAL.ACCOM_INFO (ACCOM_INFO_NUMBER,ACCOM_SERVICE_NUMBER,ACCOM_INFO_CONTENT,ACCOM_HOW,ACCOM_RULE,ACCOM_CHEKINFO,FACILITY,CONVEN) values (3,3,'c호텔텔','호텔소개?','유의사항','체크인/체크아웃시간체크','유아시설,탁구장,연회장','wifi,반려동물동반,무료주차');
REM INSERTING into FINAL.ACCOM_OPTION
SET DEFINE OFF;
Insert into FINAL.ACCOM_OPTION (ACCOM_OPTION_NUMBER,ACCOM_SERVICE_NUMBER,ACCOM_ROOMS_OPTION,ACCOM_MIN_PEOPLE,ACCOM_MAX_PEOPLE,ACCOM_PRICE,DISCOUNT) values (1,1,'스위트룸',1,4,40000,null);
Insert into FINAL.ACCOM_OPTION (ACCOM_OPTION_NUMBER,ACCOM_SERVICE_NUMBER,ACCOM_ROOMS_OPTION,ACCOM_MIN_PEOPLE,ACCOM_MAX_PEOPLE,ACCOM_PRICE,DISCOUNT) values (2,1,'일반실',1,4,20000,null);
Insert into FINAL.ACCOM_OPTION (ACCOM_OPTION_NUMBER,ACCOM_SERVICE_NUMBER,ACCOM_ROOMS_OPTION,ACCOM_MIN_PEOPLE,ACCOM_MAX_PEOPLE,ACCOM_PRICE,DISCOUNT) values (3,1,'비즈니스',1,4,30000,null);
Insert into FINAL.ACCOM_OPTION (ACCOM_OPTION_NUMBER,ACCOM_SERVICE_NUMBER,ACCOM_ROOMS_OPTION,ACCOM_MIN_PEOPLE,ACCOM_MAX_PEOPLE,ACCOM_PRICE,DISCOUNT) values (4,2,'스위트룸',2,5,80000,null);
Insert into FINAL.ACCOM_OPTION (ACCOM_OPTION_NUMBER,ACCOM_SERVICE_NUMBER,ACCOM_ROOMS_OPTION,ACCOM_MIN_PEOPLE,ACCOM_MAX_PEOPLE,ACCOM_PRICE,DISCOUNT) values (6,2,'비즈니스',2,5,45000,null);
Insert into FINAL.ACCOM_OPTION (ACCOM_OPTION_NUMBER,ACCOM_SERVICE_NUMBER,ACCOM_ROOMS_OPTION,ACCOM_MIN_PEOPLE,ACCOM_MAX_PEOPLE,ACCOM_PRICE,DISCOUNT) values (7,3,'일반',1,3,22000,null);
Insert into FINAL.ACCOM_OPTION (ACCOM_OPTION_NUMBER,ACCOM_SERVICE_NUMBER,ACCOM_ROOMS_OPTION,ACCOM_MIN_PEOPLE,ACCOM_MAX_PEOPLE,ACCOM_PRICE,DISCOUNT) values (8,3,'고급',1,3,40000,null);
Insert into FINAL.ACCOM_OPTION (ACCOM_OPTION_NUMBER,ACCOM_SERVICE_NUMBER,ACCOM_ROOMS_OPTION,ACCOM_MIN_PEOPLE,ACCOM_MAX_PEOPLE,ACCOM_PRICE,DISCOUNT) values (9,1,'스위트룸',1,4,40000,null);
Insert into FINAL.ACCOM_OPTION (ACCOM_OPTION_NUMBER,ACCOM_SERVICE_NUMBER,ACCOM_ROOMS_OPTION,ACCOM_MIN_PEOPLE,ACCOM_MAX_PEOPLE,ACCOM_PRICE,DISCOUNT) values (10,1,'일반실',1,4,20000,null);
Insert into FINAL.ACCOM_OPTION (ACCOM_OPTION_NUMBER,ACCOM_SERVICE_NUMBER,ACCOM_ROOMS_OPTION,ACCOM_MIN_PEOPLE,ACCOM_MAX_PEOPLE,ACCOM_PRICE,DISCOUNT) values (11,1,'비즈니스',1,4,30000,null);
Insert into FINAL.ACCOM_OPTION (ACCOM_OPTION_NUMBER,ACCOM_SERVICE_NUMBER,ACCOM_ROOMS_OPTION,ACCOM_MIN_PEOPLE,ACCOM_MAX_PEOPLE,ACCOM_PRICE,DISCOUNT) values (12,2,'스위트룸',2,5,80000,null);
Insert into FINAL.ACCOM_OPTION (ACCOM_OPTION_NUMBER,ACCOM_SERVICE_NUMBER,ACCOM_ROOMS_OPTION,ACCOM_MIN_PEOPLE,ACCOM_MAX_PEOPLE,ACCOM_PRICE,DISCOUNT) values (13,2,'비즈니스',2,5,45000,null);
Insert into FINAL.ACCOM_OPTION (ACCOM_OPTION_NUMBER,ACCOM_SERVICE_NUMBER,ACCOM_ROOMS_OPTION,ACCOM_MIN_PEOPLE,ACCOM_MAX_PEOPLE,ACCOM_PRICE,DISCOUNT) values (14,3,'일반',1,3,22000,null);
Insert into FINAL.ACCOM_OPTION (ACCOM_OPTION_NUMBER,ACCOM_SERVICE_NUMBER,ACCOM_ROOMS_OPTION,ACCOM_MIN_PEOPLE,ACCOM_MAX_PEOPLE,ACCOM_PRICE,DISCOUNT) values (15,3,'고급',1,3,40000,null);
Insert into FINAL.ACCOM_OPTION (ACCOM_OPTION_NUMBER,ACCOM_SERVICE_NUMBER,ACCOM_ROOMS_OPTION,ACCOM_MIN_PEOPLE,ACCOM_MAX_PEOPLE,ACCOM_PRICE,DISCOUNT) values (16,1,'스위트룸',1,4,40000,null);
Insert into FINAL.ACCOM_OPTION (ACCOM_OPTION_NUMBER,ACCOM_SERVICE_NUMBER,ACCOM_ROOMS_OPTION,ACCOM_MIN_PEOPLE,ACCOM_MAX_PEOPLE,ACCOM_PRICE,DISCOUNT) values (17,1,'일반실',1,4,20000,null);
Insert into FINAL.ACCOM_OPTION (ACCOM_OPTION_NUMBER,ACCOM_SERVICE_NUMBER,ACCOM_ROOMS_OPTION,ACCOM_MIN_PEOPLE,ACCOM_MAX_PEOPLE,ACCOM_PRICE,DISCOUNT) values (18,1,'비즈니스',1,4,30000,null);
Insert into FINAL.ACCOM_OPTION (ACCOM_OPTION_NUMBER,ACCOM_SERVICE_NUMBER,ACCOM_ROOMS_OPTION,ACCOM_MIN_PEOPLE,ACCOM_MAX_PEOPLE,ACCOM_PRICE,DISCOUNT) values (19,2,'스위트룸',2,5,80000,null);
Insert into FINAL.ACCOM_OPTION (ACCOM_OPTION_NUMBER,ACCOM_SERVICE_NUMBER,ACCOM_ROOMS_OPTION,ACCOM_MIN_PEOPLE,ACCOM_MAX_PEOPLE,ACCOM_PRICE,DISCOUNT) values (20,2,'비즈니스',2,5,45000,null);
Insert into FINAL.ACCOM_OPTION (ACCOM_OPTION_NUMBER,ACCOM_SERVICE_NUMBER,ACCOM_ROOMS_OPTION,ACCOM_MIN_PEOPLE,ACCOM_MAX_PEOPLE,ACCOM_PRICE,DISCOUNT) values (21,3,'일반',1,3,22000,null);
Insert into FINAL.ACCOM_OPTION (ACCOM_OPTION_NUMBER,ACCOM_SERVICE_NUMBER,ACCOM_ROOMS_OPTION,ACCOM_MIN_PEOPLE,ACCOM_MAX_PEOPLE,ACCOM_PRICE,DISCOUNT) values (22,3,'고급',1,3,40000,null);
REM INSERTING into FINAL.ACCOM_SERVICE
SET DEFINE OFF;
Insert into FINAL.ACCOM_SERVICE (ACCOM_SERVICE_NUMBER,CATE_NUMBER,USER_ACCOM_BOSS_NAME,ACCOM_NAME) values (1,2,'양기홍','a호텔');
Insert into FINAL.ACCOM_SERVICE (ACCOM_SERVICE_NUMBER,CATE_NUMBER,USER_ACCOM_BOSS_NAME,ACCOM_NAME) values (2,2,'기','b호텔');
Insert into FINAL.ACCOM_SERVICE (ACCOM_SERVICE_NUMBER,CATE_NUMBER,USER_ACCOM_BOSS_NAME,ACCOM_NAME) values (3,2,'홍','c호텔');
REM INSERTING into FINAL.BOOK_MANAGEMENT
SET DEFINE OFF;
REM INSERTING into FINAL.CATEGORY
SET DEFINE OFF;
Insert into FINAL.CATEGORY (CATE_NUMBER,CATE_NAME) values (1,'투어');
Insert into FINAL.CATEGORY (CATE_NUMBER,CATE_NAME) values (2,'펜션');
Insert into FINAL.CATEGORY (CATE_NUMBER,CATE_NAME) values (3,'캠핑');
Insert into FINAL.CATEGORY (CATE_NUMBER,CATE_NAME) values (4,'게스트하우스');
Insert into FINAL.CATEGORY (CATE_NUMBER,CATE_NAME) values (5,'기타');
Insert into FINAL.CATEGORY (CATE_NUMBER,CATE_NAME) values (11,'투어리뷰');
Insert into FINAL.CATEGORY (CATE_NUMBER,CATE_NAME) values (111,'투어디테일');
Insert into FINAL.CATEGORY (CATE_NUMBER,CATE_NAME) values (55,'숙소리뷰');
Insert into FINAL.CATEGORY (CATE_NUMBER,CATE_NAME) values (555,'숙소디테일');
REM INSERTING into FINAL.CHATUSERS
SET DEFINE OFF;
Insert into FINAL.CHATUSERS (NUM,USERNAME,USING) values (1,'customer1',0);
Insert into FINAL.CHATUSERS (NUM,USERNAME,USING) values (2,'customer2',0);
Insert into FINAL.CHATUSERS (NUM,USERNAME,USING) values (3,'customer3',0);
Insert into FINAL.CHATUSERS (NUM,USERNAME,USING) values (4,'customer4',0);
REM INSERTING into FINAL.CONVENIENCE
SET DEFINE OFF;
REM INSERTING into FINAL.COUPON
SET DEFINE OFF;
Insert into FINAL.COUPON (COUPON_NUMBER,COUPON_NAME,USER_ID,DISCOUNT_PRICE,EXPIRE_DATE,COUPON_USECONDITION) values (1,'2021년 취업기원쿠폰','kaka',10,to_date('21/04/15','RR/MM/DD'),0);
Insert into FINAL.COUPON (COUPON_NUMBER,COUPON_NAME,USER_ID,DISCOUNT_PRICE,EXPIRE_DATE,COUPON_USECONDITION) values (2,'2021년 1월쿠폰','kaka',20,to_date('21/01/30','RR/MM/DD'),2);
Insert into FINAL.COUPON (COUPON_NUMBER,COUPON_NAME,USER_ID,DISCOUNT_PRICE,EXPIRE_DATE,COUPON_USECONDITION) values (3,'2021년 2월쿠폰','kaka',25,to_date('21/02/28','RR/MM/DD'),1);
Insert into FINAL.COUPON (COUPON_NUMBER,COUPON_NAME,USER_ID,DISCOUNT_PRICE,EXPIRE_DATE,COUPON_USECONDITION) values (4,'중앙HTA 쿠폰','kaka',30,null,0);
REM INSERTING into FINAL.CUSTOMERCENTER
SET DEFINE OFF;
REM INSERTING into FINAL.CUSTOMERCENTER_ANSWER
SET DEFINE OFF;
REM INSERTING into FINAL.FACILITIES
SET DEFINE OFF;
REM INSERTING into FINAL.ID_TOKEN
SET DEFINE OFF;
REM INSERTING into FINAL.IMAGE
SET DEFINE OFF;
Insert into FINAL.IMAGE (IMG_NUM,IMGORGNAME,IMGSAVENAME,GENERAL_NUMBER,CATE_NUMBER) values (53,'남산타워홍보1.PNG','b2d8f923-00fc-4dde-b4d3-8fe6775b62cb_남산타워홍보1.PNG',1,111);
Insert into FINAL.IMAGE (IMG_NUM,IMGORGNAME,IMGSAVENAME,GENERAL_NUMBER,CATE_NUMBER) values (62,'심쿵홍보2.jpg','1d6d4799-45a8-44b9-a267-dc7a33bb6b60_심쿵홍보2.jpg',5,111);
Insert into FINAL.IMAGE (IMG_NUM,IMGORGNAME,IMGSAVENAME,GENERAL_NUMBER,CATE_NUMBER) values (67,'유람선홍보2.jpg','30adda47-8eb1-4f85-b6d8-99ac78e78e47_유람선홍보2.jpg',6,111);
Insert into FINAL.IMAGE (IMG_NUM,IMGORGNAME,IMGSAVENAME,GENERAL_NUMBER,CATE_NUMBER) values (72,'에버홍보1.jpg','fe3ddf18-63f7-4882-8cf7-2a8a6ce41a6a_에버홍보1.jpg',7,111);
Insert into FINAL.IMAGE (IMG_NUM,IMGORGNAME,IMGSAVENAME,GENERAL_NUMBER,CATE_NUMBER) values (77,'육삼1.PNG','b518aa76-e0ed-4bb7-a168-76b242d5fcba_육삼1.PNG',6,1);
Insert into FINAL.IMAGE (IMG_NUM,IMGORGNAME,IMGSAVENAME,GENERAL_NUMBER,CATE_NUMBER) values (79,'롯데홍보1.PNG','f446b462-119f-4d1c-a5d4-6701f97c3ad2_롯데홍보1.PNG',13,111);
Insert into FINAL.IMAGE (IMG_NUM,IMGORGNAME,IMGSAVENAME,GENERAL_NUMBER,CATE_NUMBER) values (80,'롯데홍보2.PNG','8f36de41-5c94-4ea1-aa51-c87f8a392635_롯데홍보2.PNG',13,111);
Insert into FINAL.IMAGE (IMG_NUM,IMGORGNAME,IMGSAVENAME,GENERAL_NUMBER,CATE_NUMBER) values (90,'쉐프클래스3.PNG','2fda8a2c-8dd4-45a3-8c48-21b4127a0a84_쉐프클래스3.PNG',8,1);
Insert into FINAL.IMAGE (IMG_NUM,IMGORGNAME,IMGSAVENAME,GENERAL_NUMBER,CATE_NUMBER) values (96,'도자기2.PNG','1c311550-f8d5-4093-b6e3-163a3c37c7bf_도자기2.PNG',9,1);
Insert into FINAL.IMAGE (IMG_NUM,IMGORGNAME,IMGSAVENAME,GENERAL_NUMBER,CATE_NUMBER) values (13,'1.png','1.png',1,11);
Insert into FINAL.IMAGE (IMG_NUM,IMGORGNAME,IMGSAVENAME,GENERAL_NUMBER,CATE_NUMBER) values (14,'2.png','2.png',1,11);
Insert into FINAL.IMAGE (IMG_NUM,IMGORGNAME,IMGSAVENAME,GENERAL_NUMBER,CATE_NUMBER) values (15,'3.png','3.png',1,11);
Insert into FINAL.IMAGE (IMG_NUM,IMGORGNAME,IMGSAVENAME,GENERAL_NUMBER,CATE_NUMBER) values (16,'4.png','4.png',2,11);
Insert into FINAL.IMAGE (IMG_NUM,IMGORGNAME,IMGSAVENAME,GENERAL_NUMBER,CATE_NUMBER) values (17,'5.png','5.png',2,11);
Insert into FINAL.IMAGE (IMG_NUM,IMGORGNAME,IMGSAVENAME,GENERAL_NUMBER,CATE_NUMBER) values (18,'6.png','6.png',2,11);
Insert into FINAL.IMAGE (IMG_NUM,IMGORGNAME,IMGSAVENAME,GENERAL_NUMBER,CATE_NUMBER) values (19,'7.png','7.png',3,11);
Insert into FINAL.IMAGE (IMG_NUM,IMGORGNAME,IMGSAVENAME,GENERAL_NUMBER,CATE_NUMBER) values (20,'8.png','8.png',3,11);
Insert into FINAL.IMAGE (IMG_NUM,IMGORGNAME,IMGSAVENAME,GENERAL_NUMBER,CATE_NUMBER) values (61,'심쿵홍보1.jpg','136c112d-cfb7-4093-87b2-a10c18acf8cf_심쿵홍보1.jpg',5,111);
Insert into FINAL.IMAGE (IMG_NUM,IMGORGNAME,IMGSAVENAME,GENERAL_NUMBER,CATE_NUMBER) values (63,'심쿵홍보3.jpg','c1a1b286-2640-4980-821c-04088c0a1d26_심쿵홍보3.jpg',5,111);
Insert into FINAL.IMAGE (IMG_NUM,IMGORGNAME,IMGSAVENAME,GENERAL_NUMBER,CATE_NUMBER) values (64,'심쿵홍보4.jpg','5ac3b4d5-3fb9-4063-8371-7218df0064f7_심쿵홍보4.jpg',5,111);
Insert into FINAL.IMAGE (IMG_NUM,IMGORGNAME,IMGSAVENAME,GENERAL_NUMBER,CATE_NUMBER) values (85,'강남구스1.PNG','8ae0973a-2e85-4c11-9406-dac6cf11ca31_강남구스1.PNG',13,1);
Insert into FINAL.IMAGE (IMG_NUM,IMGORGNAME,IMGSAVENAME,GENERAL_NUMBER,CATE_NUMBER) values (66,'유람선홍보1.jpg','47d5f93e-e798-43b8-afb9-d73c8941181d_유람선홍보1.jpg',6,111);
Insert into FINAL.IMAGE (IMG_NUM,IMGORGNAME,IMGSAVENAME,GENERAL_NUMBER,CATE_NUMBER) values (68,'유람선홍보3.jpg','e3dbe2df-2ec2-4af0-9485-7790c59f7541_유람선홍보3.jpg',6,111);
Insert into FINAL.IMAGE (IMG_NUM,IMGORGNAME,IMGSAVENAME,GENERAL_NUMBER,CATE_NUMBER) values (69,'유람선홍보4.jpg','cbf04ee6-9a0c-4951-b605-80230be369db_유람선홍보4.jpg',6,111);
Insert into FINAL.IMAGE (IMG_NUM,IMGORGNAME,IMGSAVENAME,GENERAL_NUMBER,CATE_NUMBER) values (70,'유람선홍보5.jpg','eda0c160-9720-4834-a921-cfa4c3c4c410_유람선홍보5.jpg',6,111);
Insert into FINAL.IMAGE (IMG_NUM,IMGORGNAME,IMGSAVENAME,GENERAL_NUMBER,CATE_NUMBER) values (71,'에버1.PNG','3e7592dc-3620-4b50-9033-1ada639be987_에버1.PNG',5,1);
Insert into FINAL.IMAGE (IMG_NUM,IMGORGNAME,IMGSAVENAME,GENERAL_NUMBER,CATE_NUMBER) values (43,'가로수길3.PNG','d37fc846-73bf-4635-895d-ef9199587843_가로수길3.PNG',11,1);
Insert into FINAL.IMAGE (IMG_NUM,IMGORGNAME,IMGSAVENAME,GENERAL_NUMBER,CATE_NUMBER) values (93,'이탈리아가정식2.PNG','3557388f-bb5e-4d88-a38e-b02606aabb4b_이탈리아가정식2.PNG',21,111);
Insert into FINAL.IMAGE (IMG_NUM,IMGORGNAME,IMGSAVENAME,GENERAL_NUMBER,CATE_NUMBER) values (94,'이탈리아가정식3.PNG','6f6c248e-98ab-4475-a8c4-d3e54f3bce15_이탈리아가정식3.PNG',21,111);
Insert into FINAL.IMAGE (IMG_NUM,IMGORGNAME,IMGSAVENAME,GENERAL_NUMBER,CATE_NUMBER) values (87,'강남구스3.PNG','b0707bab-df15-4256-b8d2-44b346431408_강남구스3.PNG',13,1);
Insert into FINAL.IMAGE (IMG_NUM,IMGORGNAME,IMGSAVENAME,GENERAL_NUMBER,CATE_NUMBER) values (41,'가로수길1.PNG','c1b18a8d-72e0-4673-a2ad-c069cc441689_가로수길1.PNG',11,1);
Insert into FINAL.IMAGE (IMG_NUM,IMGORGNAME,IMGSAVENAME,GENERAL_NUMBER,CATE_NUMBER) values (42,'가로수길2.PNG','e5ed54f8-3d7b-4efb-8581-e74c3e086cc4_가로수길2.PNG',11,1);
Insert into FINAL.IMAGE (IMG_NUM,IMGORGNAME,IMGSAVENAME,GENERAL_NUMBER,CATE_NUMBER) values (88,'쉐프클래스1.PNG','49a38b21-0709-438f-bfda-cf55e26f37fe_쉐프클래스1.PNG',8,1);
Insert into FINAL.IMAGE (IMG_NUM,IMGORGNAME,IMGSAVENAME,GENERAL_NUMBER,CATE_NUMBER) values (89,'쉐프클래스2.PNG','81afb77e-d35b-48a3-b569-02778ef7838c_쉐프클래스2.PNG',8,1);
Insert into FINAL.IMAGE (IMG_NUM,IMGORGNAME,IMGSAVENAME,GENERAL_NUMBER,CATE_NUMBER) values (48,'구스홍보3.PNG','f43aa2de-edad-4689-a679-4c6fc48b3a25_구스홍보3.PNG',22,111);
Insert into FINAL.IMAGE (IMG_NUM,IMGORGNAME,IMGSAVENAME,GENERAL_NUMBER,CATE_NUMBER) values (49,'구스홍보4.PNG','ccf361f8-7b77-49bc-8da4-3ffde4e5d8c8_구스홍보4.PNG',22,111);
Insert into FINAL.IMAGE (IMG_NUM,IMGORGNAME,IMGSAVENAME,GENERAL_NUMBER,CATE_NUMBER) values (50,'구스홍보5.PNG','93acd107-5629-4ba5-99ac-b147ec5d52ad_구스홍보5.PNG',22,111);
Insert into FINAL.IMAGE (IMG_NUM,IMGORGNAME,IMGSAVENAME,GENERAL_NUMBER,CATE_NUMBER) values (51,'남산타워1.PNG','fe46ab80-557c-4cee-8cef-fe290a826f5f_남산타워1.PNG',1,1);
Insert into FINAL.IMAGE (IMG_NUM,IMGORGNAME,IMGSAVENAME,GENERAL_NUMBER,CATE_NUMBER) values (52,'남산타워2.PNG','7b7c18eb-8a79-4ff4-a490-31e9b24a8cd7_남산타워2.PNG',1,1);
Insert into FINAL.IMAGE (IMG_NUM,IMGORGNAME,IMGSAVENAME,GENERAL_NUMBER,CATE_NUMBER) values (46,'구스홍보1.PNG','9efd05c7-f313-4dba-bd0e-6f4447d00a5f_구스홍보1.PNG',22,111);
Insert into FINAL.IMAGE (IMG_NUM,IMGORGNAME,IMGSAVENAME,GENERAL_NUMBER,CATE_NUMBER) values (47,'구스홍보2.PNG','f0fa3a86-7d50-4a9d-afaf-9ab01886cb4e_구스홍보2.PNG',22,111);
Insert into FINAL.IMAGE (IMG_NUM,IMGORGNAME,IMGSAVENAME,GENERAL_NUMBER,CATE_NUMBER) values (73,'에버홍보2.jpg','974e2f14-8bb4-4985-a05a-6216b3f1def2_에버홍보2.jpg',7,111);
Insert into FINAL.IMAGE (IMG_NUM,IMGORGNAME,IMGSAVENAME,GENERAL_NUMBER,CATE_NUMBER) values (74,'에버홍보3.jpg','7cbf8625-20be-4265-b3a0-45e3550ea3d2_에버홍보3.jpg',7,111);
Insert into FINAL.IMAGE (IMG_NUM,IMGORGNAME,IMGSAVENAME,GENERAL_NUMBER,CATE_NUMBER) values (75,'에버홍보4.jpg','0acf8ed4-71a7-4125-a5f5-b002092f37ea_에버홍보4.jpg',7,111);
Insert into FINAL.IMAGE (IMG_NUM,IMGORGNAME,IMGSAVENAME,GENERAL_NUMBER,CATE_NUMBER) values (76,'에버홍보5.jpg','9b699f10-c9af-494b-ad23-77aa607de072_에버홍보5.jpg',7,111);
Insert into FINAL.IMAGE (IMG_NUM,IMGORGNAME,IMGSAVENAME,GENERAL_NUMBER,CATE_NUMBER) values (81,'롯데홍보3.PNG','5613e8d7-7723-4ac1-bb2c-712ff47cbfc5_롯데홍보3.PNG',13,111);
Insert into FINAL.IMAGE (IMG_NUM,IMGORGNAME,IMGSAVENAME,GENERAL_NUMBER,CATE_NUMBER) values (82,'롯데홍보4.jpg','2dffef20-c647-4393-b1d3-881dde031b7d_롯데홍보4.jpg',13,111);
Insert into FINAL.IMAGE (IMG_NUM,IMGORGNAME,IMGSAVENAME,GENERAL_NUMBER,CATE_NUMBER) values (83,'롯데홍보5.jpg','d754db4e-269c-4ed1-a44c-53963078d905_롯데홍보5.jpg',13,111);
Insert into FINAL.IMAGE (IMG_NUM,IMGORGNAME,IMGSAVENAME,GENERAL_NUMBER,CATE_NUMBER) values (84,'유람선홍보1.jpg','fe7181a4-38bb-45ad-a085-e251571acdbe_유람선홍보1.jpg',4,1);
Insert into FINAL.IMAGE (IMG_NUM,IMGORGNAME,IMGSAVENAME,GENERAL_NUMBER,CATE_NUMBER) values (78,'롯데1.PNG','964edafd-031b-4280-aba7-8bb20f04a85a_롯데1.PNG',7,1);
Insert into FINAL.IMAGE (IMG_NUM,IMGORGNAME,IMGSAVENAME,GENERAL_NUMBER,CATE_NUMBER) values (86,'강남구스2.PNG','7dc908bf-1e4f-430e-a0cb-2959e8e092f5_강남구스2.PNG',13,1);
Insert into FINAL.IMAGE (IMG_NUM,IMGORGNAME,IMGSAVENAME,GENERAL_NUMBER,CATE_NUMBER) values (91,'쉐프클래스홍보1.PNG','96b66baa-99af-42df-9794-728e46bf8576_쉐프클래스홍보1.PNG',17,111);
Insert into FINAL.IMAGE (IMG_NUM,IMGORGNAME,IMGSAVENAME,GENERAL_NUMBER,CATE_NUMBER) values (92,'이탈리아가정식1.PNG','0777a598-06fe-4d7b-844f-396452bb944b_이탈리아가정식1.PNG',21,111);
Insert into FINAL.IMAGE (IMG_NUM,IMGORGNAME,IMGSAVENAME,GENERAL_NUMBER,CATE_NUMBER) values (95,'도자기1.PNG','cbb2e707-eef4-45c0-8ede-a760290ecf27_도자기1.PNG',9,1);
Insert into FINAL.IMAGE (IMG_NUM,IMGORGNAME,IMGSAVENAME,GENERAL_NUMBER,CATE_NUMBER) values (97,'도자기3.PNG','e06ec528-e069-4408-adf5-19c75bdf3d84_도자기3.PNG',9,1);
Insert into FINAL.IMAGE (IMG_NUM,IMGORGNAME,IMGSAVENAME,GENERAL_NUMBER,CATE_NUMBER) values (98,'도자기홍보1.PNG','9034c948-f485-4516-ad35-7d00426d9bfe_도자기홍보1.PNG',19,111);
Insert into FINAL.IMAGE (IMG_NUM,IMGORGNAME,IMGSAVENAME,GENERAL_NUMBER,CATE_NUMBER) values (99,'아라리오1.PNG','d3868048-50b3-4df7-a0c3-eecdf8b74899_아라리오1.PNG',10,1);
Insert into FINAL.IMAGE (IMG_NUM,IMGORGNAME,IMGSAVENAME,GENERAL_NUMBER,CATE_NUMBER) values (100,'아라리오2.PNG','fdf5a9f5-a4c0-4160-a4e9-8974a7347886_아라리오2.PNG',10,1);
Insert into FINAL.IMAGE (IMG_NUM,IMGORGNAME,IMGSAVENAME,GENERAL_NUMBER,CATE_NUMBER) values (101,'경복궁1.PNG','c8531fd9-1d2c-4fb8-b4d7-3134c0172a08_경복궁1.PNG',2,1);
Insert into FINAL.IMAGE (IMG_NUM,IMGORGNAME,IMGSAVENAME,GENERAL_NUMBER,CATE_NUMBER) values (102,'경복궁2.PNG','7d2661d5-b7c2-4f82-bf38-cb20b84f2ee2_경복궁2.PNG',2,1);
Insert into FINAL.IMAGE (IMG_NUM,IMGORGNAME,IMGSAVENAME,GENERAL_NUMBER,CATE_NUMBER) values (103,'경복궁홍보0.jpg','e27e1208-de02-461c-bfa7-49ef7c9df3a3_경복궁홍보0.jpg',2,111);
Insert into FINAL.IMAGE (IMG_NUM,IMGORGNAME,IMGSAVENAME,GENERAL_NUMBER,CATE_NUMBER) values (104,'경복궁홍보2.jpg','1791d6f4-9a29-4745-933d-fcd20a2b31fa_경복궁홍보2.jpg',2,111);
Insert into FINAL.IMAGE (IMG_NUM,IMGORGNAME,IMGSAVENAME,GENERAL_NUMBER,CATE_NUMBER) values (105,'경복궁홍보3.jpg','b0b343f7-cf7d-4fcb-b581-2980001ece39_경복궁홍보3.jpg',2,111);
Insert into FINAL.IMAGE (IMG_NUM,IMGORGNAME,IMGSAVENAME,GENERAL_NUMBER,CATE_NUMBER) values (106,'경복궁홍보4.jpg','8d07cac3-648e-4d77-80ca-d4fb7d7a3f7f_경복궁홍보4.jpg',2,111);
Insert into FINAL.IMAGE (IMG_NUM,IMGORGNAME,IMGSAVENAME,GENERAL_NUMBER,CATE_NUMBER) values (107,'심쿵1.jpg','c73b65d6-970d-43de-8383-5b160c8288c0_심쿵1.jpg',3,1);
Insert into FINAL.IMAGE (IMG_NUM,IMGORGNAME,IMGSAVENAME,GENERAL_NUMBER,CATE_NUMBER) values (108,'심쿵홍보1.jpg','5387f2b8-9d1b-43b9-8e2b-2fece1bdbdc9_심쿵홍보1.jpg',3,111);
Insert into FINAL.IMAGE (IMG_NUM,IMGORGNAME,IMGSAVENAME,GENERAL_NUMBER,CATE_NUMBER) values (109,'심쿵홍보2.jpg','5e63dd4b-c11b-44e2-ac1d-43918b778afb_심쿵홍보2.jpg',3,111);
Insert into FINAL.IMAGE (IMG_NUM,IMGORGNAME,IMGSAVENAME,GENERAL_NUMBER,CATE_NUMBER) values (110,'심쿵홍보3.jpg','23b66028-7f5c-4fec-95a7-a8af60935a87_심쿵홍보3.jpg',3,111);
Insert into FINAL.IMAGE (IMG_NUM,IMGORGNAME,IMGSAVENAME,GENERAL_NUMBER,CATE_NUMBER) values (111,'심쿵홍보4.jpg','33de8e27-05e5-47d2-8b9e-45d6dd059535_심쿵홍보4.jpg',3,111);
REM INSERTING into FINAL.MESSAGE
SET DEFINE OFF;
REM INSERTING into FINAL.NOTICE_BOARD
SET DEFINE OFF;
REM INSERTING into FINAL.REVIEW
SET DEFINE OFF;
Insert into FINAL.REVIEW (REVIEW_NUMBER,USER_ID,SERVICE_NUMBER,STAR_POINT,REVIEW_CONTENT,REVIEW_IMAGE,REVIEW_COMMENT,CATE_NUMBER) values (1,'kaka',1,5,'너무 즐거운 관람이었습니다','10.png',null,1);
Insert into FINAL.REVIEW (REVIEW_NUMBER,USER_ID,SERVICE_NUMBER,STAR_POINT,REVIEW_CONTENT,REVIEW_IMAGE,REVIEW_COMMENT,CATE_NUMBER) values (2,'kaka',2,5,'너무너무 재밌었어요. 또오고 싶어요 !! 좋은 시간보내게 해주셔서 감사합니다!','1.png',null,1);
Insert into FINAL.REVIEW (REVIEW_NUMBER,USER_ID,SERVICE_NUMBER,STAR_POINT,REVIEW_CONTENT,REVIEW_IMAGE,REVIEW_COMMENT,CATE_NUMBER) values (3,'kaka',3,4,'행복한 주말 보내고 갑니다!직원들이 너무 친절했어요!','2.png',null,1);
Insert into FINAL.REVIEW (REVIEW_NUMBER,USER_ID,SERVICE_NUMBER,STAR_POINT,REVIEW_CONTENT,REVIEW_IMAGE,REVIEW_COMMENT,CATE_NUMBER) values (4,'kaka',4,1,'너무 친절했어요! 또올게요!','1.png',null,1);
Insert into FINAL.REVIEW (REVIEW_NUMBER,USER_ID,SERVICE_NUMBER,STAR_POINT,REVIEW_CONTENT,REVIEW_IMAGE,REVIEW_COMMENT,CATE_NUMBER) values (5,'kaka',5,3,'이제야 이곳을 알게 되었다니!! 친구와 재방문하겠습니당!!','4.png',null,1);
Insert into FINAL.REVIEW (REVIEW_NUMBER,USER_ID,SERVICE_NUMBER,STAR_POINT,REVIEW_CONTENT,REVIEW_IMAGE,REVIEW_COMMENT,CATE_NUMBER) values (6,'ethan',1,5,'분위기 좋고 기분도 좋고~','5.png',null,1);
Insert into FINAL.REVIEW (REVIEW_NUMBER,USER_ID,SERVICE_NUMBER,STAR_POINT,REVIEW_CONTENT,REVIEW_IMAGE,REVIEW_COMMENT,CATE_NUMBER) values (7,'ethan',2,5,'잘놀다가요 ~','1.png',null,1);
Insert into FINAL.REVIEW (REVIEW_NUMBER,USER_ID,SERVICE_NUMBER,STAR_POINT,REVIEW_CONTENT,REVIEW_IMAGE,REVIEW_COMMENT,CATE_NUMBER) values (8,'ethan',3,5,'it was wonderful time. Thank you so much','6.png',null,1);
Insert into FINAL.REVIEW (REVIEW_NUMBER,USER_ID,SERVICE_NUMBER,STAR_POINT,REVIEW_CONTENT,REVIEW_IMAGE,REVIEW_COMMENT,CATE_NUMBER) values (10,'ethan',5,4,'가성비 갑!! 추천합니다!','1.png',null,1);
Insert into FINAL.REVIEW (REVIEW_NUMBER,USER_ID,SERVICE_NUMBER,STAR_POINT,REVIEW_CONTENT,REVIEW_IMAGE,REVIEW_COMMENT,CATE_NUMBER) values (11,'test',1,4,'ㅋㅋㅋㅋㅋㅋㅋㅋㅋㅋㅋㅋ 남자친구가 너무 좋아해요 !! 강추!','3.png',null,1);
Insert into FINAL.REVIEW (REVIEW_NUMBER,USER_ID,SERVICE_NUMBER,STAR_POINT,REVIEW_CONTENT,REVIEW_IMAGE,REVIEW_COMMENT,CATE_NUMBER) values (12,'test',2,3,'여기 데리고와줬다고 여자친구가 고맙다구 하네요. 덕분에 평화로운 데이트 했습니다','4.png',null,1);
Insert into FINAL.REVIEW (REVIEW_NUMBER,USER_ID,SERVICE_NUMBER,STAR_POINT,REVIEW_CONTENT,REVIEW_IMAGE,REVIEW_COMMENT,CATE_NUMBER) values (13,'test',3,5,'2주년 기념으로 왔는데 대.만.족','1.png',null,1);
Insert into FINAL.REVIEW (REVIEW_NUMBER,USER_ID,SERVICE_NUMBER,STAR_POINT,REVIEW_CONTENT,REVIEW_IMAGE,REVIEW_COMMENT,CATE_NUMBER) values (14,'test',4,3,'처음와서 우물쭈물하고 있었는데 직원들이 친절하게 도와주셔서 너무 감사했습니다','6.png',null,1);
Insert into FINAL.REVIEW (REVIEW_NUMBER,USER_ID,SERVICE_NUMBER,STAR_POINT,REVIEW_CONTENT,REVIEW_IMAGE,REVIEW_COMMENT,CATE_NUMBER) values (15,'test',5,3,'부모님 모시고 왔는데 너무 좋아하시네요 감사합니다','8.png',null,1);
Insert into FINAL.REVIEW (REVIEW_NUMBER,USER_ID,SERVICE_NUMBER,STAR_POINT,REVIEW_CONTENT,REVIEW_IMAGE,REVIEW_COMMENT,CATE_NUMBER) values (16,'test',1,4,'아이들이랑 놀기 좋아요~','1.png',null,1);
Insert into FINAL.REVIEW (REVIEW_NUMBER,USER_ID,SERVICE_NUMBER,STAR_POINT,REVIEW_CONTENT,REVIEW_IMAGE,REVIEW_COMMENT,CATE_NUMBER) values (17,'test',6,4,'아이들이 너어무 좋아하네요 뿌듯한 하루 보내고 가요 ~','4.png',null,1);
Insert into FINAL.REVIEW (REVIEW_NUMBER,USER_ID,SERVICE_NUMBER,STAR_POINT,REVIEW_CONTENT,REVIEW_IMAGE,REVIEW_COMMENT,CATE_NUMBER) values (18,'test',7,3,'날씨 좋고 ~ 분위기 좋고~ 행복','6.png',null,1);
Insert into FINAL.REVIEW (REVIEW_NUMBER,USER_ID,SERVICE_NUMBER,STAR_POINT,REVIEW_CONTENT,REVIEW_IMAGE,REVIEW_COMMENT,CATE_NUMBER) values (19,'test',8,2,'다 좋았는데,, 위생에 조금만 더 신경써주세요','8.png',null,1);
Insert into FINAL.REVIEW (REVIEW_NUMBER,USER_ID,SERVICE_NUMBER,STAR_POINT,REVIEW_CONTENT,REVIEW_IMAGE,REVIEW_COMMENT,CATE_NUMBER) values (20,'test',9,5,'왜 이제야 여길 알게 되었을까여.. 또올게요 ㅠㅠ','7.png',null,1);
Insert into FINAL.REVIEW (REVIEW_NUMBER,USER_ID,SERVICE_NUMBER,STAR_POINT,REVIEW_CONTENT,REVIEW_IMAGE,REVIEW_COMMENT,CATE_NUMBER) values (21,'test',10,4,'완전대박','7.png',null,1);
Insert into FINAL.REVIEW (REVIEW_NUMBER,USER_ID,SERVICE_NUMBER,STAR_POINT,REVIEW_CONTENT,REVIEW_IMAGE,REVIEW_COMMENT,CATE_NUMBER) values (22,'admin',6,4,'남들에게 알려주기 싫은 .... 나만알면 안될까여..','3.png',null,1);
Insert into FINAL.REVIEW (REVIEW_NUMBER,USER_ID,SERVICE_NUMBER,STAR_POINT,REVIEW_CONTENT,REVIEW_IMAGE,REVIEW_COMMENT,CATE_NUMBER) values (23,'admin',6,1,'여러모로 별로였습니다. 직원분들은 저희가 왔는데 신경도 안쓰고 사람은 많고 북적거리고 시끄럽고 위생도 그렇게 깨끗한지 모르겠네요.. 간만에 불쾌한 경험하게 되어 1점 주고 갑니다..','6.png',null,1);
Insert into FINAL.REVIEW (REVIEW_NUMBER,USER_ID,SERVICE_NUMBER,STAR_POINT,REVIEW_CONTENT,REVIEW_IMAGE,REVIEW_COMMENT,CATE_NUMBER) values (24,'admin',7,3,'그냥저냥 그럭저럭~.','9.png',null,1);
Insert into FINAL.REVIEW (REVIEW_NUMBER,USER_ID,SERVICE_NUMBER,STAR_POINT,REVIEW_CONTENT,REVIEW_IMAGE,REVIEW_COMMENT,CATE_NUMBER) values (25,'admin',8,3,'뭐 이정도 가격에 이정도면 not bad~','1.png',null,1);
Insert into FINAL.REVIEW (REVIEW_NUMBER,USER_ID,SERVICE_NUMBER,STAR_POINT,REVIEW_CONTENT,REVIEW_IMAGE,REVIEW_COMMENT,CATE_NUMBER) values (26,'admin',9,5,'기대 안하고 왔다가 감동먹고 갑니다..','8.png',null,1);
Insert into FINAL.REVIEW (REVIEW_NUMBER,USER_ID,SERVICE_NUMBER,STAR_POINT,REVIEW_CONTENT,REVIEW_IMAGE,REVIEW_COMMENT,CATE_NUMBER) values (27,'admin',10,3,'적당히 시간때우기엔 딱임','8.png',null,1);
Insert into FINAL.REVIEW (REVIEW_NUMBER,USER_ID,SERVICE_NUMBER,STAR_POINT,REVIEW_CONTENT,REVIEW_IMAGE,REVIEW_COMMENT,CATE_NUMBER) values (28,'admin',5,1,'돈이 아깝네요.. 다신 이용안할래요..','9.png',null,1);
Insert into FINAL.REVIEW (REVIEW_NUMBER,USER_ID,SERVICE_NUMBER,STAR_POINT,REVIEW_CONTENT,REVIEW_IMAGE,REVIEW_COMMENT,CATE_NUMBER) values (29,'admin',3,5,'이.보.다.더.좋.을.순.없.다.','5.png',null,1);
Insert into FINAL.REVIEW (REVIEW_NUMBER,USER_ID,SERVICE_NUMBER,STAR_POINT,REVIEW_CONTENT,REVIEW_IMAGE,REVIEW_COMMENT,CATE_NUMBER) values (30,'admin',5,1,'진짜 돈 다시 돌려달라고 ㅜㅜ 이게 뭐냐고오.,. 웨이팅만 1시간이라고 ,,','7.png',null,1);
Insert into FINAL.REVIEW (REVIEW_NUMBER,USER_ID,SERVICE_NUMBER,STAR_POINT,REVIEW_CONTENT,REVIEW_IMAGE,REVIEW_COMMENT,CATE_NUMBER) values (31,'admin',5,1,'음.. 이건 아니다 싶었어요 ^^','7.png',null,1);
Insert into FINAL.REVIEW (REVIEW_NUMBER,USER_ID,SERVICE_NUMBER,STAR_POINT,REVIEW_CONTENT,REVIEW_IMAGE,REVIEW_COMMENT,CATE_NUMBER) values (9,'ethan',4,4,'가격도 적당하고 모든게 다 만족스러웠습니다 ~',null,null,1);
Insert into FINAL.REVIEW (REVIEW_NUMBER,USER_ID,SERVICE_NUMBER,STAR_POINT,REVIEW_CONTENT,REVIEW_IMAGE,REVIEW_COMMENT,CATE_NUMBER) values (32,'dd',2,4,'굿','1.png',null,2);
Insert into FINAL.REVIEW (REVIEW_NUMBER,USER_ID,SERVICE_NUMBER,STAR_POINT,REVIEW_CONTENT,REVIEW_IMAGE,REVIEW_COMMENT,CATE_NUMBER) values (33,'ee',2,5,'굿굿','2.png',null,2);
Insert into FINAL.REVIEW (REVIEW_NUMBER,USER_ID,SERVICE_NUMBER,STAR_POINT,REVIEW_CONTENT,REVIEW_IMAGE,REVIEW_COMMENT,CATE_NUMBER) values (34,'ff',2,1,'별로','1.png',null,2);
Insert into FINAL.REVIEW (REVIEW_NUMBER,USER_ID,SERVICE_NUMBER,STAR_POINT,REVIEW_CONTENT,REVIEW_IMAGE,REVIEW_COMMENT,CATE_NUMBER) values (35,'dd',2,4,'굿','1.png',null,2);
REM INSERTING into FINAL.REVIEW_ANSWER
SET DEFINE OFF;
REM INSERTING into FINAL.SERVICE_ANSWER
SET DEFINE OFF;
REM INSERTING into FINAL.SERVICE_QUESTION
SET DEFINE OFF;
REM INSERTING into FINAL.TOUR_BOOK
SET DEFINE OFF;
REM INSERTING into FINAL.TOUR_BOOK_OPTION
SET DEFINE OFF;
Insert into FINAL.TOUR_BOOK_OPTION (TOUR_BOOK_OPTION_NUMBER,TOUR_BOOK_NUMBER,TOUR_OPTION_INDEX,CNT) values (1,8,1,2);
Insert into FINAL.TOUR_BOOK_OPTION (TOUR_BOOK_OPTION_NUMBER,TOUR_BOOK_NUMBER,TOUR_OPTION_INDEX,CNT) values (2,8,2,1);
Insert into FINAL.TOUR_BOOK_OPTION (TOUR_BOOK_OPTION_NUMBER,TOUR_BOOK_NUMBER,TOUR_OPTION_INDEX,CNT) values (3,11,1,3);
Insert into FINAL.TOUR_BOOK_OPTION (TOUR_BOOK_OPTION_NUMBER,TOUR_BOOK_NUMBER,TOUR_OPTION_INDEX,CNT) values (4,11,2,1);
Insert into FINAL.TOUR_BOOK_OPTION (TOUR_BOOK_OPTION_NUMBER,TOUR_BOOK_NUMBER,TOUR_OPTION_INDEX,CNT) values (5,12,1,2);
Insert into FINAL.TOUR_BOOK_OPTION (TOUR_BOOK_OPTION_NUMBER,TOUR_BOOK_NUMBER,TOUR_OPTION_INDEX,CNT) values (6,12,2,1);
Insert into FINAL.TOUR_BOOK_OPTION (TOUR_BOOK_OPTION_NUMBER,TOUR_BOOK_NUMBER,TOUR_OPTION_INDEX,CNT) values (7,13,1,7);
Insert into FINAL.TOUR_BOOK_OPTION (TOUR_BOOK_OPTION_NUMBER,TOUR_BOOK_NUMBER,TOUR_OPTION_INDEX,CNT) values (8,13,2,3);
Insert into FINAL.TOUR_BOOK_OPTION (TOUR_BOOK_OPTION_NUMBER,TOUR_BOOK_NUMBER,TOUR_OPTION_INDEX,CNT) values (9,16,1,3);
Insert into FINAL.TOUR_BOOK_OPTION (TOUR_BOOK_OPTION_NUMBER,TOUR_BOOK_NUMBER,TOUR_OPTION_INDEX,CNT) values (10,16,2,2);
Insert into FINAL.TOUR_BOOK_OPTION (TOUR_BOOK_OPTION_NUMBER,TOUR_BOOK_NUMBER,TOUR_OPTION_INDEX,CNT) values (11,17,1,2);
Insert into FINAL.TOUR_BOOK_OPTION (TOUR_BOOK_OPTION_NUMBER,TOUR_BOOK_NUMBER,TOUR_OPTION_INDEX,CNT) values (12,17,2,1);
Insert into FINAL.TOUR_BOOK_OPTION (TOUR_BOOK_OPTION_NUMBER,TOUR_BOOK_NUMBER,TOUR_OPTION_INDEX,CNT) values (13,21,1,3);
Insert into FINAL.TOUR_BOOK_OPTION (TOUR_BOOK_OPTION_NUMBER,TOUR_BOOK_NUMBER,TOUR_OPTION_INDEX,CNT) values (14,21,2,1);
Insert into FINAL.TOUR_BOOK_OPTION (TOUR_BOOK_OPTION_NUMBER,TOUR_BOOK_NUMBER,TOUR_OPTION_INDEX,CNT) values (15,22,1,1);
Insert into FINAL.TOUR_BOOK_OPTION (TOUR_BOOK_OPTION_NUMBER,TOUR_BOOK_NUMBER,TOUR_OPTION_INDEX,CNT) values (16,22,2,1);
Insert into FINAL.TOUR_BOOK_OPTION (TOUR_BOOK_OPTION_NUMBER,TOUR_BOOK_NUMBER,TOUR_OPTION_INDEX,CNT) values (17,42,3,1);
Insert into FINAL.TOUR_BOOK_OPTION (TOUR_BOOK_OPTION_NUMBER,TOUR_BOOK_NUMBER,TOUR_OPTION_INDEX,CNT) values (18,42,1,1);
Insert into FINAL.TOUR_BOOK_OPTION (TOUR_BOOK_OPTION_NUMBER,TOUR_BOOK_NUMBER,TOUR_OPTION_INDEX,CNT) values (20,48,3,1);
Insert into FINAL.TOUR_BOOK_OPTION (TOUR_BOOK_OPTION_NUMBER,TOUR_BOOK_NUMBER,TOUR_OPTION_INDEX,CNT) values (19,46,3,1);
Insert into FINAL.TOUR_BOOK_OPTION (TOUR_BOOK_OPTION_NUMBER,TOUR_BOOK_NUMBER,TOUR_OPTION_INDEX,CNT) values (21,43,3,1);
Insert into FINAL.TOUR_BOOK_OPTION (TOUR_BOOK_OPTION_NUMBER,TOUR_BOOK_NUMBER,TOUR_OPTION_INDEX,CNT) values (22,45,3,1);
Insert into FINAL.TOUR_BOOK_OPTION (TOUR_BOOK_OPTION_NUMBER,TOUR_BOOK_NUMBER,TOUR_OPTION_INDEX,CNT) values (23,49,3,1);
Insert into FINAL.TOUR_BOOK_OPTION (TOUR_BOOK_OPTION_NUMBER,TOUR_BOOK_NUMBER,TOUR_OPTION_INDEX,CNT) values (24,50,3,1);
Insert into FINAL.TOUR_BOOK_OPTION (TOUR_BOOK_OPTION_NUMBER,TOUR_BOOK_NUMBER,TOUR_OPTION_INDEX,CNT) values (25,47,3,1);
Insert into FINAL.TOUR_BOOK_OPTION (TOUR_BOOK_OPTION_NUMBER,TOUR_BOOK_NUMBER,TOUR_OPTION_INDEX,CNT) values (26,48,1,1);
Insert into FINAL.TOUR_BOOK_OPTION (TOUR_BOOK_OPTION_NUMBER,TOUR_BOOK_NUMBER,TOUR_OPTION_INDEX,CNT) values (27,44,3,1);
Insert into FINAL.TOUR_BOOK_OPTION (TOUR_BOOK_OPTION_NUMBER,TOUR_BOOK_NUMBER,TOUR_OPTION_INDEX,CNT) values (28,43,1,1);
Insert into FINAL.TOUR_BOOK_OPTION (TOUR_BOOK_OPTION_NUMBER,TOUR_BOOK_NUMBER,TOUR_OPTION_INDEX,CNT) values (29,46,1,1);
Insert into FINAL.TOUR_BOOK_OPTION (TOUR_BOOK_OPTION_NUMBER,TOUR_BOOK_NUMBER,TOUR_OPTION_INDEX,CNT) values (30,45,1,1);
Insert into FINAL.TOUR_BOOK_OPTION (TOUR_BOOK_OPTION_NUMBER,TOUR_BOOK_NUMBER,TOUR_OPTION_INDEX,CNT) values (31,51,3,1);
Insert into FINAL.TOUR_BOOK_OPTION (TOUR_BOOK_OPTION_NUMBER,TOUR_BOOK_NUMBER,TOUR_OPTION_INDEX,CNT) values (32,50,1,1);
Insert into FINAL.TOUR_BOOK_OPTION (TOUR_BOOK_OPTION_NUMBER,TOUR_BOOK_NUMBER,TOUR_OPTION_INDEX,CNT) values (33,47,1,1);
Insert into FINAL.TOUR_BOOK_OPTION (TOUR_BOOK_OPTION_NUMBER,TOUR_BOOK_NUMBER,TOUR_OPTION_INDEX,CNT) values (34,52,3,1);
Insert into FINAL.TOUR_BOOK_OPTION (TOUR_BOOK_OPTION_NUMBER,TOUR_BOOK_NUMBER,TOUR_OPTION_INDEX,CNT) values (35,44,1,1);
Insert into FINAL.TOUR_BOOK_OPTION (TOUR_BOOK_OPTION_NUMBER,TOUR_BOOK_NUMBER,TOUR_OPTION_INDEX,CNT) values (36,49,1,1);
Insert into FINAL.TOUR_BOOK_OPTION (TOUR_BOOK_OPTION_NUMBER,TOUR_BOOK_NUMBER,TOUR_OPTION_INDEX,CNT) values (37,51,1,1);
Insert into FINAL.TOUR_BOOK_OPTION (TOUR_BOOK_OPTION_NUMBER,TOUR_BOOK_NUMBER,TOUR_OPTION_INDEX,CNT) values (38,52,1,1);
Insert into FINAL.TOUR_BOOK_OPTION (TOUR_BOOK_OPTION_NUMBER,TOUR_BOOK_NUMBER,TOUR_OPTION_INDEX,CNT) values (39,53,3,1);
Insert into FINAL.TOUR_BOOK_OPTION (TOUR_BOOK_OPTION_NUMBER,TOUR_BOOK_NUMBER,TOUR_OPTION_INDEX,CNT) values (40,53,1,1);
REM INSERTING into FINAL.TOUR_INFO
SET DEFINE OFF;
Insert into FINAL.TOUR_INFO (TOUR_INFO_NUMBER,SERVICE_NUMBER,TOUR_CONTENT,TOUR_HOW,TOUR_RULE,TOUR_EXPIRE) values (3,2,'포함사항
경복궁 티켓 및 소정의 간식거리

경복궁을 관람하며 한국의 정취를 느껴본다. ','사용 방법
예약이 확정되면 참여 링크와 참여 방법을 이메일로 보내드립니다.

상품 문의는 아래 이메일 또는 전화주시면 자세히 안내드립니다.

대표번호 : 1670-8208 연결 후 ③번을 눌러주세요.
문의 가능 시간 : 월~금: 09:00-18:00 (점심시간 12:00-13:00), 공휴일&주말: 1:1 채팅 상담만 가능
E-MAIL : info@guidelive.kr

추가정보
■ 최소 진행인원 : 3명
■ 최대 진행인원 : 30명','취소 및 환불 규정
[상품 취소 및 환불 규정 안내]
- 여행시작 3일 전까지 (~3) 통보시 : 전액 환불
- 여행시작 2일 전까지 (2) 통보시 : 결제요금의 50% 공제
- 여행시작 당일까지 (1~당일) : 취소/환불 불가',to_date('21/02/22','RR/MM/DD'));
Insert into FINAL.TOUR_INFO (TOUR_INFO_NUMBER,SERVICE_NUMBER,TOUR_CONTENT,TOUR_HOW,TOUR_RULE,TOUR_EXPIRE) values (4,3,'The Flower hello, 심쿵 展 : 이색전시회 입니다','사용 방법
1. 최소 이용 1시간전 상품구매
2. 별도의 SMS는 전송되지 않습니다.
3. 현장 방문, 고객성함 및 휴대폰 번호 뒷 4자리 확인 후 이용
4. 상품 주문시 기재한 상품수령인 or 받으시는분 or 수취인명으로 조회 가능

※ 금액 조회 시 노출되는 본 상품의 유효기간을 반드시 확인해주시기 바랍니다.','취소 및 환불 규정
- 유효기간 내 미사용티켓 100% 환불가능
- 유효기간 후 환불불가
- 사용한 티켓은 환불 불가능합니다.',to_date('21/02/28','RR/MM/DD'));
Insert into FINAL.TOUR_INFO (TOUR_INFO_NUMBER,SERVICE_NUMBER,TOUR_CONTENT,TOUR_HOW,TOUR_RULE,TOUR_EXPIRE) values (5,4,'이랜드 뮤직 크루즈
※ 상품 구매시 영업일 기준 2일 이내에 휴대폰 문자 메세지로 모바일 쿠폰이 발송 됩니다.
※ 별도의 사전 예약 없이 이용하시는 경우 만석으로 이용이 어려울 수 있으니, 식사권 사용처에 사전 유선 예약 진행을 권장합니다.

2월 운항일자 안내 (총 9일)
- 매주 토-일 : 6일, 7일, 20일, 21일, 27일, 28일
- 설연휴 추가 운항 : 12일, 13일,14일


▶티켓 예약 방법
- 캘린더에서 이용 일자와 인원 그리고 옵션을 선택해 주세요.
- 예약 후 영업일 기준 2일 이내에 예약 페이지 URL이 담긴 문자 메시지가 발송됩니다.
- 예약 확정 후 별도로 보내드리는 문자에서 자세한 사항을 꼭 확인해주시기 바랍니다.','사용 방법
[사용 정보]
- 사용장소 : 이랜드 크루즈 이랜드 크루즈
- 유효기간 : 2021-01-08 ~ 2021-02-28
- 해당 상품은 매수 제한없이 사용 가능합니다.
- 반드시 1일전 사전 예약 후 이용 가능합니다.
- 소인기준 : 36개월 ~ 만 12세 (36개월 미만은 무료)
- 주차안내 : 해당 상품 이용 시, 한강 여의도 제 1주차장 종일 무료 혜택
- 운영시간 : 토~일 19:30~ (70분 운항)

* 예약권 이용안내
해당 상품은 온라인 예약이 필수인 예약 필수 상품입니다.
예약없이 방문 시, 테이블 및 메뉴 등 사전에 준비되지 않아 이용이 불가 합니다.
반드시 쿠폰 구매 시 발송되는 모바일쿠폰을 통해 온라인 예약을 진행해 주세요.
예약 확정 문자 수신 후 매장에 방문하셔야 합니다.
예약 및 예약 확정 문자 없이 방문한 경우에는 이용이 불가 합니다.
자세한 이용 문의는 고객센터로 연락 주세요. (1600-3662 / 09:00~12:00)

* 온라인 예약 이용방법
1. 구매 후 예약 페이지 URL이 담긴 문자 메시지를 수신합니다.
2. URL(날짜 지정하기) 클릭 하여 예약 페이지로 이동 합니다.
(e쿠폰함의 경우 추가안내링크에 있는 URL을 통해 예약페이지로 이동합니다. )
3. 사용할 쿠폰을 선택 후 이용하실 날짜와 시간을 선택합니다.
4. 예약 신청 후 예약완료 문자를 받습니다. (매장에 따라 최대 1일 소요)
5. 매장 방문 후 예약완료 문자와 고객님의 성함을 말씀해주세요.','취소 및 환불 규정
- 구매 후 90일 이내 취소 요청 시, 100% 환불됩니다.
- 구매 후 90일 이후 취소 요청 시, 구매 금액의 90%가 환불됩니다.
- 최초 유효기간이 만료된 경우 유효기간 연장을 신청하실 수 있습니다.
- 단, 현재 같은 가격과 구성으로 동일한 상품이 판매되고 있는 경우에만 가능 합니다.
"최초 유효기간 이란?" 상품구매 시 최초로 부여되는 유효기간 (연장 이후 기간 제외)
',to_date('21/04/30','RR/MM/DD'));
Insert into FINAL.TOUR_INFO (TOUR_INFO_NUMBER,SERVICE_NUMBER,TOUR_CONTENT,TOUR_HOW,TOUR_RULE,TOUR_EXPIRE) values (9,8,'단 2시간만에 파스타 장인이 되어보세요!
특급호텔 한식당 총괄셰프 출신 셰프의 요리꿀팁을 전수 해드립니다!

**양의공간 원데이클래스 특장점**
- 수강생님의 니즈와 수준에 맞춰 기본기, 야매요리부터 고급요리까지 맞춤클래스로 진행됩니다!
- 기본커리큘럼도 있지만 다른 클래스도 다양하게 준비되어 있습니다 :)
- 원하시는 수업방향에 맞춰 1:1수업도 가능합니다.
- 어색하고 낯선 분위기는 NO!! 편안하고 재밌는 분위기로 이해하기 쉽게 설명해드려요 :)
- 우리집 주방에서 할 수 있는 메뉴, 그에 맞는 조리기구, 접시, 담음새까지 모두 알려 드립니다!

**수업메뉴**
파스타 4종 중 택2
(수업시간은 2시간입니다.)

1. 토마토파스타
토마토라구소스를 만드는법과 그를 이용한 곱창라구파스타를 알려드립니다!

2. 크림파스타
생크림+우유 는 no!
제대로 된 크림파스타 레시피를 알려드립니다!

3. 오일파스타
파스타의 정석!
문어가 들어간 알리오에뽈뽀 메뉴와 함께 오일파스타의 정석을 알려드립니다!

4. 바질페스토파스타
색감도 좋고 맛도좋은데 너무너무 간단한!
바질페스토를 만드는법과 응용메뉴까지 알려드립니다!','이용 안내
만나는 시간
기본수업시간은 월요일 제외 매일 12시, 15시 이며 사전협의 후 조정 가능합니다!

만나는 장소
양의공간

필수 안내
- 요리하기에 너무 불편한 옷은 피해주세요!
- 반드시 마스크 착용 후 참여해 주시기 바랍니다.','취소 및 환불 규정
* 유효기간 내 미사용티켓 100% 환불가능
* 유효기간 종료 후 미사용티켓 100% 환불
* 사용한 티켓은 환불 불가능합니다.',to_date('21/03/16','RR/MM/DD'));
Insert into FINAL.TOUR_INFO (TOUR_INFO_NUMBER,SERVICE_NUMBER,TOUR_CONTENT,TOUR_HOW,TOUR_RULE,TOUR_EXPIRE) values (2,1,'서울의 대표 랜드마크 N서울타워를 방문해보세요!
※ 본 상품은 e-voucher 상품으로 ''예약 내역''에서 확인되는 바우처를 모바일 또는 출력본으로 제시해주시면 됩니다.
(여행 확인증이 아닌 영어로 된 바우처를 지참하셔야 합니다)

[ 이 티켓의 매력 포인트! ]
- 서울의 대표 랜드마크 입니다.
- 연인과 자물쇠를 채우고 달콤한 소원을 빌어보세요!
- ''빛의 갈대''와 ''빛의 샤워''를 비롯한 다양한 쇼를 선보입니다.
- 헬로키티와 함께 하는 세상에서 가장 행복한 N서울타워 여행을 떠나보세요.
- 마블 캐릭터도 N서울타워에서 볼 수 있어요!

서울의 랜드마크 빌딩! 236.7m 높이의 N서울타워는 국내에서는 남산타워로 더 익숙하죠. 1969년 남산의 정상에 방송 송신탑으로 만들어졌다가 1980년부터 전망대가 꾸며져 일반인들에게 개방되었어요. 2005년에 보수 공사를 마치고 현재의 이름인 N서울타워로 이름을 변경했답니다. ‘N’은 남산의 첫 글자와 ‘새로운’ 것을 의미해요.

N서울타워는 N로비, N플라자, N타워 등 세 부분으로 구분되는데 N플라자는 2층으로 구성되어 있으며 N타워는 4층으로 구성되어 있어요. 디지털 전망대, 옥상 테라스, 이벤트 홀, 레스토랑, 기념품샵 등 다양한 시설들이 많아서 여행객 뿐만 아니라 데이트 장소로도 인기 만점인 곳이랍니다.

남산타워의 트레이트 마크, 옥상 테라스 자물쇠! 남산타워에 왔다면 반드시 하고 가야할 필수 스팟이랍니다. 연인과 자물쇠를 채우고 달콤한 소원을 빌어보시는 것도 놓치지 마세요!
','사용 방법
1. 예약이 완료되면 예약 확정 이메일을 발송해 드립니다.
2. 무인발권기에 QR코드 스캔 후 입장권으로 교환해주세요.
- 입장권 교환 장소: N서울타워 N Plaza P0층 (전망대 지하)
- 교환 시간: 10:00 - 21:30
- 입장 시간: 일요일-금요일 10:00 - 23:00, 토요일 10:00 - 24:00
- 교통: 2번, 3번, 5번 남산순환버스를 이용하세요. (07:00 - 23:20 사이, 15분 간격으로 운행)

추가정보
[유의사항]
- 여행확인증이 아닌, 영어로 된 바우처를 지참하셔야 합니다.
- 상품페이지와 바우처의 정보가 다를 경우, 반드시 바우처의 정보를 확인 부탁드립니다.

[기타 안내]
- 여행자 보험에 가입 후 투어를 진행할 것을 권장합니다.
- 성인권은 만 3세 이상에 해당합니다.
- 만 2세 이하 유아 무료 입장가능합니다.','- 본 상품은 상품특성상 부득이하게 별도의 취소 환불 약관이 적용됩니다.
- 본 상품은 확정 이후 취소 및 환불이 불가하오니 신중한 구입 부탁 드립니다.',null);
Insert into FINAL.TOUR_INFO (TOUR_INFO_NUMBER,SERVICE_NUMBER,TOUR_CONTENT,TOUR_HOW,TOUR_RULE,TOUR_EXPIRE) values (12,13,'크래프트 맥주와 음식이 함께하는 도심 속 음식 공방!
※ 상품 구매시 영업일 기준 2일 이내에 휴대폰 문자 메세지로 모바일 쿠폰이 발송 됩니다.
※ 쿠폰이 발송된 시점부터 금액권 사용이 가능합니다.
※ 사전 예약 후 이용 가능합니다. (02-6205-1785)

[식사권 매력 포인트]
셰프가 조리해주는 치킨과 맥주로 사랑하는 사람과의 시간을 즐겨보세요

[운영시간]
- 월-수 / 전시간대 - 11:30 ~ 24:00
- 목-토 / 전시간대 - 11:30 ~ 01:00
- 일요일 / 전시간대 - 11:30 ~ 23:00','이용 시간
월-수 / 전시간대 - 11:30 ~ 24:00 목-토 / 전시간대 - 11:30 ~ 01:00 일요일 / 전시간대 - 11:30 ~ 23:00','- 본 상품은 상품 특성상 별도의 취소 환불 규정이 적용됩니다.
- 상품 구매 후 7일 이내 취소 시 100% 환불 처리 됩니다.
- 상품 구매 후 7일 이후에는 취소 및 환불이 불가하오니 신중한 구매 부탁드립니다.
- 변경 및 환불 요청은 영업일 기준으로 처리 됩니다. (공휴일 및 토, 일요일 제외)
- 남은 잔액은 유효기간 내 사용 가능합니다.
- 유효기간 내 액면가의 60%이상 사용 시, 잔액이 환불 됩니다.',null);
Insert into FINAL.TOUR_INFO (TOUR_INFO_NUMBER,SERVICE_NUMBER,TOUR_CONTENT,TOUR_HOW,TOUR_RULE,TOUR_EXPIRE) values (6,5,'에버랜드 얼리버드 할인권!','사용 방법
* 판매기간 : ~2021-03-18
* 유효기간 : 2021-02-01 ~ 2021-03-18
※ 이용 당일 구매 불가

* ※ 감염병 예방 및 관리 목적으로 에버랜드 입장 및 실내/식음 시설 이용 시
* APP이용권 스캔이 필요합니다.(입장 전 에버랜드APP에 이용권 등록 바랍니다.)
* APP미사용 시 일부 시설의 예약/탑승이 제한될 수 있습니다.

* ※ 입장 시 37.5도 이상이거나 마스크 미착용 고객은 입장이 불가합니다.

* ※ 일부 놀이기구 스마트줄서기 안내
- (사전예약필수/ 매진되어 조기 마감될 수 있는점 참고 바랍니다.) : https://bit.ly/3m82tY6

1. 상품구매
2. 문자로 QR 코드 수신
3. 수신받은 MMS 상단에 보여지는 QR코드를 에버랜드 App에 등록 후
* 에버랜드 정문에서 제시 후 입장
* ※ QR코드가 없으면 입장이 불가하오니 입장 전 우측 "예매티켓교환처"에서 꼭 확인 바랍니다.
* (응대 가능시간: ~18시)

추가정보
* 사파리월드 휴장안내 : 2/22(월) ~ 2/24(수)
* (단, 휴장 기간이 변경될 수 있으므로 자세한 운영시간은 에버랜드 app 참조바랍니다.)
* 대/소 공통 이용 가능하며 36개월부터 요금 적용됩니다.
* 방문일지정 예약상품으로 지정한 날짜에 이용 가능합니다.
* 당일 에버랜드 입장 및 가동중인 시설 이용 가능합니다.
* (단, 코인물/대여물/스페셜투어/기획전 등 별도 요금)
* 일부 어트랙션/동물원/식당 이용시간은 에버랜드 마감시간과 다르게 조기
종료될수 있으니 사전에 에버랜드 모바일 앱에서 운영시간 확인 바랍니다.
* 정문주차장은 유료, 외곽주차장은 무료로 운영됩니다.
* QR코드의 사진을 판매사이트에 그대로 올리는 경우 제3자의 무단 도용에
따른 피해가 발생할 수 있습니다.


※ 에버랜드 http://www.everland.com

[업체정보]
* 업체정보 : 에버랜드
* 업체주소 : 경기도 용인시 처인구 포곡읍 전대리 310 (에버랜드로 199)
* 업체문의 : 031-320-5000 (운영시간 09:00~18:00)
* 영업시간 : 에버랜드 홈페이지 참고(홈페이지 : www.everland.com)
* 휴 무 : 휴무없음
* 무료입장나이 : 36개월 미만 (증빙서류 지참 필수/미지참시 유아요금적용)','취소 및 환불 규정
* 유효기간 내 미사용티켓 100% 환불가능
* 유효기간 종료 후 미사용티켓 100% 환불
* 사용한 티켓은 환불 불가능합니다.',to_date('21/04/12','RR/MM/DD'));
Insert into FINAL.TOUR_INFO (TOUR_INFO_NUMBER,SERVICE_NUMBER,TOUR_CONTENT,TOUR_HOW,TOUR_RULE,TOUR_EXPIRE) values (7,6,'사용 방법
[구매 및 이용방법]
① 티켓 구매시 권종과 수량 선택 후 휴대폰 번호를 정확히 입력해주세요.
② 구매 후 여행자님의 휴대폰으로 카카오알림톡을 발송해드립니다. 알림톡은 구매 1시간 이후 발송됩니다.
* 통신사별로 바코드티켓 수령시간에 다소 차이가 있을 수 있습니다.
③ 매표소 방문 없이 관람장 입구에서 카카오알림톡에 포함된 URL을 클릭 후, 바코드 이미지를 제시해주세요.

추가정보
[유의사항]
- 수량 변경시에는 구매 전체 취소 후, 재구매 하셔야 합니다.
- 복수 구매시 부분취소/환불은 불가합니다.
- 발권 후에는 부분취소/환불이 불가합니다.
- 이용시 모바일티켓 및 신분증 반드시 지참 바랍니다.
- 애완동물은 입장이 불가합니다.
- 아쿠아플라넷 내부 기념촬영은 가능하며, 생물들의 안전을 위해 플래시 사용은 불가합니다.
- 36개월 미만의 유아는 무료입장입니다. (의료보험증 또는 기타 증빙서류 지참)
- 경로(만 65세 이상) 확인을 위해 경로우대증, 주민등록증을 반드지 지참해주세요.
','1. 티켓구매 (SMS 미전송 티켓)<br>2. 상품구매 후 전화예약 필수 (tel: 02-552-2532)<br>3. 현장방문하여 고객님 이름/전화번호 뒷4자리 확인 후 이용<br>※ 공휴일 운영여부 방문전 현장문의','취소 및 환불 규정
- 본 상품은 상품 특성상 부득이 하게 별도의 취소 환불 약관이 적용됩니다.
- 유효기간 내 미사용 티켓 : 환불 100% 가능
- 유효기간 이후 : 환불 불가
- 사용하신 티켓은 환불이 불가합니다.',null);
Insert into FINAL.TOUR_INFO (TOUR_INFO_NUMBER,SERVICE_NUMBER,TOUR_CONTENT,TOUR_HOW,TOUR_RULE,TOUR_EXPIRE) values (8,7,'롯데월드 패밀리 자유이용권 (종일/AFTER4)','사용 방법
1. 상품결제
2. 구매후 1시간 이내 QR코드 발송
3. 롯데월드 게이트에서 카카오알림톡 내 QR코드 바로입장
4. 롯데월드 즐기기!

추가정보
[유의사항]
- 퇴장 후 재입장은 불가합니다.
- 게이트 입장 후 지류티켓 교환은 불가합니다.
- QR코드 캡처 이미지로는 입장이 제한될 수 있습니다.
- 게이트바로입장(유인,무인매표소 이용불가).
- QR코드 이용 전 핸드폰 색상 반전 설정 해제 부탁드립니다.
(색상 반전 설정 시 QR코드 인식 불가 합니다.)
- 제 3자에게 구매한 티켓은 이용 및 환불이 제한 됩니다. ex)중고나라, 번개장터에서 구매

[패밀리권 안내]
- 패밀리 종합이용권 : 어른1 + 어린이 1

[연령정보]
- 어른 : 14세 이상 / 어린이 : 36개월~13세 이하
- 만36개월 미만의 유아는 증빙서류 지참 시 무료입장의 혜택을 받으실 수 있습니다.
(단, 무료입장에 대한 혜택이며 놀이시설 이용시 별도의 요금이 부과됩니다.)

[업체 정보]
- 업체명 : 롯데월드 어드벤처
- 문의전화 : 02-1661-2000
- 서울특별시 송파구 올림픽로 240(잠실3동 40-1)

[주차안내]
※ 7월 21일부로 주차 시스템 개선이 되었습니다.
1) ~ 3시간 무료
2) 3시간 ~ 1,000원/10분 (최대 3,000원)
- 자세한 사항은 롯데월드 어드벤처 공식 홈페이지에서 확인 부탁드리겠습니다.

[기타안내]
- 이용 시간은 현장 상황에 따라 상이할 수 있으며 방문 전 롯데월드 홈페이지에서 이용 시간 확인 해주시기 바랍니다.
- 기상현상으로 인해 일부 놀이기구의 운영이 중단될 수 있는 점 양해 바랍니다.
- 외국인 여행객은 이용이 불가능합니다.
- 외국인 거주자의 경우 관련 증명서(외국인등록증,외국인 학생증 등)를 제시해주시기 바랍니다.
- 이용 시간은 현장 상황에 따라 상이할 수 있으며 방문 전 롯데월드 홈페이지에서 이용 시간 확인해주시기 바랍니다.
- 기상 현상 등 현장 상황에 따라 일부 놀이기구 운영이 중단될 수 있는 점 참고 바랍니다.
- 36개월 미만 유아는 나이를 확인할 수 있는 증빙 서류를 지참해주시면 무료입장이 가능합니다.
(단, 무료입장에 대한 혜택이며 놀이시설 이용 시 별도의 요금이 부과됩니다.)
- 재판매로 인한 모든 법적인 문제는 해당 시설 및 판매사에서 책임지지 않습니다.','취소 및 환불 규정
- 티켓 교환 후 취소는 절대 불가합니다.
- 취소/환불은 구매일 기준 7일 이내 환불 가능하며 구매하신 사이트로 접수해주시기 바랍니다.
- 본 티켓은 부분 취소/부분 환불이 절대 불가합니다.(유효기간 내 모두 사용 권장)',null);
Insert into FINAL.TOUR_INFO (TOUR_INFO_NUMBER,SERVICE_NUMBER,TOUR_CONTENT,TOUR_HOW,TOUR_RULE,TOUR_EXPIRE) values (10,9,'오직 리브모아에서만! 세라믹 파스텔로 도자기 위에 신비로운 색감을 표현하는 수업입니다.
리브모아 도예 공방에서 직접 개발한 도자기 기법을 이용하여 선택한 도자기에 색감을 입히는 수업입니다.
도자기용 파스텔을 체에 긁어 가루를 만들어서 뿌리는 방식으로 기존에 도예체험을 해보신 분들도 처음 접해보실 수 있는 독특한 기법입니다.
초보자분이나 아이들도 쉽고 재미있게 예쁜 접시를 만드실 수 있습니다.','상품 정보
포함 사항
선택한 접시 1개 + 금장식

불포함 사항
주차 불가
택배비 (착불)
여행자 보험
개인 경비

이용 안내
이용 시간
주말(토&일), 공휴일 오전 10시 30분 / 오후 1시 / 오후 3시 30분에 예약 가능합니다. // 2인 이상 신청 시 주말&공휴일 정규수업 외에 평일 원하시는 날짜와 시간에 수업 개설이 가능합니다.


사용 방법
- 원하시는 상품 구매 후 사전에 예약 확인 메시지를 보내주시기 바랍니다.
- 수업 준비가 필요하므로 당일 예약이 힘드실 수 있습니다. 꼭 사전에 문의 주세요.
- 현장 이용 시 구매자분 성함을 알려주세요.


** 꼭 읽어주세요! **

[예약 및 변경]
- 예약제로 수업이 진행됩니다. (시간 및 날짜 사전 예약 필수)
- 단체예약 가능 (사전 문의 필수)
- 동시 수용 인원: 최대 8~10명

[이용 안내]
- 수업 시간: 1시간 15분 ~ 1시간 30분
- 수업에 필요한 모든 재료가 제공됩니다. 즐거운 마음만 준비해주세요 :)
- 보태니컬 사각 접시는 칼을 이용하는 과정이 있어 어린이(만 5세~13세)는 물고기 접시 만들기가 좋습니다.
- 외부 인원과 함께 수업이 진행될 수 있습니다. 예약 시간을 꼭 준수해주세요.
- 반드시 마스크를 착용하신 후 참여해주시기 바랍니다.

[수령 안내]
- 수업 후 만드신 작품은 가마에서 2번 구워야 하므로 약 한 달 간의 소요 시간이 필요합니다.
- 완성 후 개별 연락드리며, 방문 수령 또는 택배 수령(착불)이 가능하며 가급적 방문 수령을 권합니다.
- 택배 이용 시 파손 면책 동의를 하셔야 발송이 가능합니다.
- 핸드메이드 도자기 특성 상 작은 반점, 요철 및 유약 말림 등 의 현상이 있을 수 있습니다.','- 미사용티켓 환불 가능<br>- 유효기간 이후 미사용티켓 환불 가능<br>- 사용한 티켓 환불 불가',null);
Insert into FINAL.TOUR_INFO (TOUR_INFO_NUMBER,SERVICE_NUMBER,TOUR_CONTENT,TOUR_HOW,TOUR_RULE,TOUR_EXPIRE) values (11,10,'보존과 창조의 미학을 담은 미술관 ''아라리오뮤지엄''
[상품 안내]
- 보존과 창조의 미학을 담은 미술관 ''아라리오뮤지엄''
- 서울과 제주에 위치한 아라리오뮤지엄은 기존 건물의 역사적 가치를 보존하고 현대 미술의 문화적 가치를 더한 새로운 공간 경험을 추구합니다.
- 사무실, 영화관, 모텔 등으로 사용되었던 기존 건물들은 과거의 기억들 사이로 현대미술의 창조성이 스며들어 과거와 현재가 교차하는 매력적인 문화 공간으로 재탄생하였습니다.

[관람 포인트]
- 옛 건물의 이야기를 간직하다.
- 작품과 공간, 그리고 관객의 운명적 만남

[운영시간]
- 10:00~19:00 (마지막 입장 18:00)
*아라리오뮤지엄은 매주 월요일 휴관입니다.','사용 방법
이용 안내
- 예약 후 자동 확정되며, 현장 매표소에서 확인 후 수령 바랍니다.
- 예약내역의 예약번호 (EQ 7자리)를 현장에서 제시해주세요.
- 구매 후 반품/환불은 반드시 마이리얼트립 고객센터를 통해 문의바랍니다.

추가정보
[운영시간]
-인 스페이스(화-일) 10:00~19:00 (마지막 입장 18:00)
*아라리오뮤지엄은 매주 월요일 휴관입니다.
*서울 아라리오뮤지엄 인 스페이스는 코로나바이러스감염증-19 확산 방지를 위해 회차 당 30명으로 관람 인원을 제한하여 운영함을 알려드립니다.


[가이드 여부 안내]
*코로나바이러스감영증-19 확산방지 차원으로 도슨트 투어는 진행하지 않습니다.
*오디오 가이드 (한,영) 가능
*홈페이지: http://www.arariomuseum.org/main.php

[구정 연휴 기간 휴관 안내]
▶ 아라리오뮤지엄 인 스페이스 (서울) : 2/11(목) ? 2/12(금), 총 2일','취소 및 환불 규정
- 회차별 30명 인원제한이 있는 상품으로 별도의 취소/환불 규정이 적용됩니다.
- 미사용 티켓에 한하여 취소/환불이 가능합니다. (부분 취소/환불 적용 불가)
- 이용일 하루 전까지 접수된 예약건에 한하여 100% 환불 가능합니다.
- 이용일 당일 취소/환불 불가합니다.',to_date('21/03/02','RR/MM/DD'));
REM INSERTING into FINAL.TOUR_OPTION
SET DEFINE OFF;
Insert into FINAL.TOUR_OPTION (TOUR_OPTION_NUMBER,SERVICE_NUMBER,TOUR_OPTION_INDEX,TOUR_OPTION,TOUR_PRICE,TOUR_AMOUNT,DISCOUNT) values (2,2,1,'경복궁 투어[가이드]',15000,9999,0);
Insert into FINAL.TOUR_OPTION (TOUR_OPTION_NUMBER,SERVICE_NUMBER,TOUR_OPTION_INDEX,TOUR_OPTION,TOUR_PRICE,TOUR_AMOUNT,DISCOUNT) values (3,2,2,'경복궁 투어[가이드+기념품]',20000,9999,10);
Insert into FINAL.TOUR_OPTION (TOUR_OPTION_NUMBER,SERVICE_NUMBER,TOUR_OPTION_INDEX,TOUR_OPTION,TOUR_PRICE,TOUR_AMOUNT,DISCOUNT) values (4,3,1,'심쿵 전시 입장권',10000,9999,15);
Insert into FINAL.TOUR_OPTION (TOUR_OPTION_NUMBER,SERVICE_NUMBER,TOUR_OPTION_INDEX,TOUR_OPTION,TOUR_PRICE,TOUR_AMOUNT,DISCOUNT) values (5,4,1,'[야간] 성인',25000,9999,0);
Insert into FINAL.TOUR_OPTION (TOUR_OPTION_NUMBER,SERVICE_NUMBER,TOUR_OPTION_INDEX,TOUR_OPTION,TOUR_PRICE,TOUR_AMOUNT,DISCOUNT) values (6,4,2,'[야간] 소인',17000,9999,0);
Insert into FINAL.TOUR_OPTION (TOUR_OPTION_NUMBER,SERVICE_NUMBER,TOUR_OPTION_INDEX,TOUR_OPTION,TOUR_PRICE,TOUR_AMOUNT,DISCOUNT) values (7,4,3,'[야간] 성인 커플권',47000,0,15);
Insert into FINAL.TOUR_OPTION (TOUR_OPTION_NUMBER,SERVICE_NUMBER,TOUR_OPTION_INDEX,TOUR_OPTION,TOUR_PRICE,TOUR_AMOUNT,DISCOUNT) values (8,5,1,'[평일한정] 에버랜드 종일권',27000,9999,0);
Insert into FINAL.TOUR_OPTION (TOUR_OPTION_NUMBER,SERVICE_NUMBER,TOUR_OPTION_INDEX,TOUR_OPTION,TOUR_PRICE,TOUR_AMOUNT,DISCOUNT) values (9,5,2,'에버랜드 종일권',29000,9999,10);
Insert into FINAL.TOUR_OPTION (TOUR_OPTION_NUMBER,SERVICE_NUMBER,TOUR_OPTION_INDEX,TOUR_OPTION,TOUR_PRICE,TOUR_AMOUNT,DISCOUNT) values (10,6,1,'[상시] 아트입장권',12000,9999,0);
Insert into FINAL.TOUR_OPTION (TOUR_OPTION_NUMBER,SERVICE_NUMBER,TOUR_OPTION_INDEX,TOUR_OPTION,TOUR_PRICE,TOUR_AMOUNT,DISCOUNT) values (11,6,2,'[상시] 대인입장권',20000,9999,0);
Insert into FINAL.TOUR_OPTION (TOUR_OPTION_NUMBER,SERVICE_NUMBER,TOUR_OPTION_INDEX,TOUR_OPTION,TOUR_PRICE,TOUR_AMOUNT,DISCOUNT) values (12,6,3,'[상시] 소인입장권',16800,0,10);
Insert into FINAL.TOUR_OPTION (TOUR_OPTION_NUMBER,SERVICE_NUMBER,TOUR_OPTION_INDEX,TOUR_OPTION,TOUR_PRICE,TOUR_AMOUNT,DISCOUNT) values (13,6,4,'[상시] 대인종합권',24000,9999,0);
Insert into FINAL.TOUR_OPTION (TOUR_OPTION_NUMBER,SERVICE_NUMBER,TOUR_OPTION_INDEX,TOUR_OPTION,TOUR_PRICE,TOUR_AMOUNT,DISCOUNT) values (14,6,5,'[상시] 소인종합권',20800,9999,0);
Insert into FINAL.TOUR_OPTION (TOUR_OPTION_NUMBER,SERVICE_NUMBER,TOUR_OPTION_INDEX,TOUR_OPTION,TOUR_PRICE,TOUR_AMOUNT,DISCOUNT) values (15,7,1,'종일 2인 패밀리 종합이용권(어른1+어린이1)',60000,9999,0);
Insert into FINAL.TOUR_OPTION (TOUR_OPTION_NUMBER,SERVICE_NUMBER,TOUR_OPTION_INDEX,TOUR_OPTION,TOUR_PRICE,TOUR_AMOUNT,DISCOUNT) values (16,7,2,'After 2인 패밀리 종합이용권(어른1+어린이1)',49000,9999,0);
Insert into FINAL.TOUR_OPTION (TOUR_OPTION_NUMBER,SERVICE_NUMBER,TOUR_OPTION_INDEX,TOUR_OPTION,TOUR_PRICE,TOUR_AMOUNT,DISCOUNT) values (17,8,1,'쿠킹클래스 예약권',70000,9999,0);
Insert into FINAL.TOUR_OPTION (TOUR_OPTION_NUMBER,SERVICE_NUMBER,TOUR_OPTION_INDEX,TOUR_OPTION,TOUR_PRICE,TOUR_AMOUNT,DISCOUNT) values (18,9,1,'통통 물고기 접시 만들기',35000,9999,15);
Insert into FINAL.TOUR_OPTION (TOUR_OPTION_NUMBER,SERVICE_NUMBER,TOUR_OPTION_INDEX,TOUR_OPTION,TOUR_PRICE,TOUR_AMOUNT,DISCOUNT) values (19,9,2,'보태니컬 사각 접시 만들기',35000,9999,0);
Insert into FINAL.TOUR_OPTION (TOUR_OPTION_NUMBER,SERVICE_NUMBER,TOUR_OPTION_INDEX,TOUR_OPTION,TOUR_PRICE,TOUR_AMOUNT,DISCOUNT) values (20,9,3,'긴 물고기 접시 만들기',38000,9999,20);
Insert into FINAL.TOUR_OPTION (TOUR_OPTION_NUMBER,SERVICE_NUMBER,TOUR_OPTION_INDEX,TOUR_OPTION,TOUR_PRICE,TOUR_AMOUNT,DISCOUNT) values (21,10,1,'[성인] 아라리오뮤지엄 인 스페이스 입장권 (10시)',15000,999,0);
Insert into FINAL.TOUR_OPTION (TOUR_OPTION_NUMBER,SERVICE_NUMBER,TOUR_OPTION_INDEX,TOUR_OPTION,TOUR_PRICE,TOUR_AMOUNT,DISCOUNT) values (22,10,2,'[성인] 아라리오뮤지엄 인 스페이스 입장권 (12시)',15000,999,0);
Insert into FINAL.TOUR_OPTION (TOUR_OPTION_NUMBER,SERVICE_NUMBER,TOUR_OPTION_INDEX,TOUR_OPTION,TOUR_PRICE,TOUR_AMOUNT,DISCOUNT) values (23,10,3,'[성인] 아라리오뮤지엄 인 스페이스 입장권 (14시)',15000,999,0);
Insert into FINAL.TOUR_OPTION (TOUR_OPTION_NUMBER,SERVICE_NUMBER,TOUR_OPTION_INDEX,TOUR_OPTION,TOUR_PRICE,TOUR_AMOUNT,DISCOUNT) values (24,10,4,'[성인] 아라리오뮤지엄 인 스페이스 입장권 (16시)',15000,889,0);
Insert into FINAL.TOUR_OPTION (TOUR_OPTION_NUMBER,SERVICE_NUMBER,TOUR_OPTION_INDEX,TOUR_OPTION,TOUR_PRICE,TOUR_AMOUNT,DISCOUNT) values (25,10,5,'[성인] 아라리오뮤지엄 인 스페이스 입장권 (18시)',15000,1909,5);
Insert into FINAL.TOUR_OPTION (TOUR_OPTION_NUMBER,SERVICE_NUMBER,TOUR_OPTION_INDEX,TOUR_OPTION,TOUR_PRICE,TOUR_AMOUNT,DISCOUNT) values (26,10,6,'[성인] 아라리오뮤지엄 인 스페이스 입장권 (20시)',15000,999,10);
Insert into FINAL.TOUR_OPTION (TOUR_OPTION_NUMBER,SERVICE_NUMBER,TOUR_OPTION_INDEX,TOUR_OPTION,TOUR_PRICE,TOUR_AMOUNT,DISCOUNT) values (27,11,1,'스페인+이탈리안',50000,500,10);
Insert into FINAL.TOUR_OPTION (TOUR_OPTION_NUMBER,SERVICE_NUMBER,TOUR_OPTION_INDEX,TOUR_OPTION,TOUR_PRICE,TOUR_AMOUNT,DISCOUNT) values (28,11,2,'이탈리안',30000,333,0);
Insert into FINAL.TOUR_OPTION (TOUR_OPTION_NUMBER,SERVICE_NUMBER,TOUR_OPTION_INDEX,TOUR_OPTION,TOUR_PRICE,TOUR_AMOUNT,DISCOUNT) values (29,13,1,'치킨+비어샘플러',25000,999,10);
Insert into FINAL.TOUR_OPTION (TOUR_OPTION_NUMBER,SERVICE_NUMBER,TOUR_OPTION_INDEX,TOUR_OPTION,TOUR_PRICE,TOUR_AMOUNT,DISCOUNT) values (0,1,1,'오후권[12:00~17:00]',12000,9999,0);
Insert into FINAL.TOUR_OPTION (TOUR_OPTION_NUMBER,SERVICE_NUMBER,TOUR_OPTION_INDEX,TOUR_OPTION,TOUR_PRICE,TOUR_AMOUNT,DISCOUNT) values (1,1,2,'야간권[17:00~21:00]',15000,9999,15);
REM INSERTING into FINAL.TOUR_SERVICE
SET DEFINE OFF;
Insert into FINAL.TOUR_SERVICE (SERVICE_NUMBER,CATE_NUMBER,USER_ID,TOUR_NAME,TOUR_TYPE) values (1,1,'test','남산타워 전망대','티켓/패스');
Insert into FINAL.TOUR_SERVICE (SERVICE_NUMBER,CATE_NUMBER,USER_ID,TOUR_NAME,TOUR_TYPE) values (2,1,'test','경복궁구경','티켓/패스');
Insert into FINAL.TOUR_SERVICE (SERVICE_NUMBER,CATE_NUMBER,USER_ID,TOUR_NAME,TOUR_TYPE) values (3,1,'test','The Flower hello, 심쿵 展 : 이색전시회 입장권','티켓/패스');
Insert into FINAL.TOUR_SERVICE (SERVICE_NUMBER,CATE_NUMBER,USER_ID,TOUR_NAME,TOUR_TYPE) values (4,1,'test','D랜드 크루즈','티켓/패스');
Insert into FINAL.TOUR_SERVICE (SERVICE_NUMBER,CATE_NUMBER,USER_ID,TOUR_NAME,TOUR_TYPE) values (5,1,'test','에버랜드 종일이용권 (2/20~4/12)','테마파크');
Insert into FINAL.TOUR_SERVICE (SERVICE_NUMBER,CATE_NUMBER,USER_ID,TOUR_NAME,TOUR_TYPE) values (6,1,'test','아쿠아플라넷63','테마파크');
Insert into FINAL.TOUR_SERVICE (SERVICE_NUMBER,CATE_NUMBER,USER_ID,TOUR_NAME,TOUR_TYPE) values (7,1,'test','롯데월드 패밀리 자유이용권 (종일/AFTER4)','테마파크');
Insert into FINAL.TOUR_SERVICE (SERVICE_NUMBER,CATE_NUMBER,USER_ID,TOUR_NAME,TOUR_TYPE) values (8,1,'test','특급호텔 총괄셰프가 알려주는 수제파스타 원데이클래스','취미/클래스');
Insert into FINAL.TOUR_SERVICE (SERVICE_NUMBER,CATE_NUMBER,USER_ID,TOUR_NAME,TOUR_TYPE) values (9,1,'test','햇살을 닮은 신비로운 색감, ''파스텔 도자기 원데이 클래스''','취미/클래스');
Insert into FINAL.TOUR_SERVICE (SERVICE_NUMBER,CATE_NUMBER,USER_ID,TOUR_NAME,TOUR_TYPE) values (10,1,'test','아라리오뮤지엄 인 스페이스 입장권','티켓/패스');
Insert into FINAL.TOUR_SERVICE (SERVICE_NUMBER,CATE_NUMBER,USER_ID,TOUR_NAME,TOUR_TYPE) values (11,1,'test','가로수길 맛집투어','맛집');
Insert into FINAL.TOUR_SERVICE (SERVICE_NUMBER,CATE_NUMBER,USER_ID,TOUR_NAME,TOUR_TYPE) values (13,1,'test','구스아일랜드','맛집');
REM INSERTING into FINAL.USER_INFO
SET DEFINE OFF;
Insert into FINAL.USER_INFO (USER_ID,USER_PASS,USER_NAME,USER_GRADE,USER_EMAIL,USER_ADDR,USER_PHONE,USER_CONDITION,USER_POINT) values ('test','1234','테스트','SILVER','test@me.com','강남구','010121121122','Great',0);
Insert into FINAL.USER_INFO (USER_ID,USER_PASS,USER_NAME,USER_GRADE,USER_EMAIL,USER_ADDR,USER_PHONE,USER_CONDITION,USER_POINT) values ('kaka','1234','카카','DIAMOND','kaka@me.com','강남구','01099998888','Great',9778950);
Insert into FINAL.USER_INFO (USER_ID,USER_PASS,USER_NAME,USER_GRADE,USER_EMAIL,USER_ADDR,USER_PHONE,USER_CONDITION,USER_POINT) values ('admin','1234','관리자','MANAGER','admin@me.com','강남구','01011112222','Great',100000);
REM INSERTING into FINAL.VISITOR_INFO
SET DEFINE OFF;
Insert into FINAL.VISITOR_INFO (VISITOR_INFO_NUMBER,ACCOM_BOOK_NUMBER,VISITOR_NAME,VISITOR_EMAIL,VISITOR_PHONE) values (1,1,'조동현','bjaguar89@gmail.com','010-9519-9039');
Insert into FINAL.VISITOR_INFO (VISITOR_INFO_NUMBER,ACCOM_BOOK_NUMBER,VISITOR_NAME,VISITOR_EMAIL,VISITOR_PHONE) values (2,2,'조동현','bjaguar89@gmail.com','010-9519-9039');
Insert into FINAL.VISITOR_INFO (VISITOR_INFO_NUMBER,ACCOM_BOOK_NUMBER,VISITOR_NAME,VISITOR_EMAIL,VISITOR_PHONE) values (3,3,'조동현','bjaguar89@gmail.com','010-9519-9039');
Insert into FINAL.VISITOR_INFO (VISITOR_INFO_NUMBER,ACCOM_BOOK_NUMBER,VISITOR_NAME,VISITOR_EMAIL,VISITOR_PHONE) values (4,4,'조동현','bjaguar89@gmail.com','010-9519-9039');
REM INSERTING into FINAL.WISHLIST
SET DEFINE OFF;
Insert into FINAL.WISHLIST (WISHNUM,CATE_NUMBER,SERVICE_NUMBER,USER_ID) values (69,1,1,'kaka');
Insert into FINAL.WISHLIST (WISHNUM,CATE_NUMBER,SERVICE_NUMBER,USER_ID) values (76,1,8,'kaka');
Insert into FINAL.WISHLIST (WISHNUM,CATE_NUMBER,SERVICE_NUMBER,USER_ID) values (4,1,4,'kaka');
Insert into FINAL.WISHLIST (WISHNUM,CATE_NUMBER,SERVICE_NUMBER,USER_ID) values (5,1,5,'kaka');
Insert into FINAL.WISHLIST (WISHNUM,CATE_NUMBER,SERVICE_NUMBER,USER_ID) values (64,1,3,'kaka');
Insert into FINAL.WISHLIST (WISHNUM,CATE_NUMBER,SERVICE_NUMBER,USER_ID) values (78,1,9,'kaka');
Insert into FINAL.WISHLIST (WISHNUM,CATE_NUMBER,SERVICE_NUMBER,USER_ID) values (77,1,13,'kaka');
--------------------------------------------------------
--  Constraints for Table REVIEW_ANSWER
--------------------------------------------------------

  ALTER TABLE "FINAL"."REVIEW_ANSWER" MODIFY ("REVIEW_ANSWER_REVIEW" NOT NULL ENABLE);
  ALTER TABLE "FINAL"."REVIEW_ANSWER" MODIFY ("REVIEW_NUMBER" NOT NULL ENABLE);
  ALTER TABLE "FINAL"."REVIEW_ANSWER" ADD PRIMARY KEY ("REVIEW_ANSWER_REVIEW")
  USING INDEX PCTFREE 10 INITRANS 2 MAXTRANS 255 COMPUTE STATISTICS 
  STORAGE(INITIAL 65536 NEXT 1048576 MINEXTENTS 1 MAXEXTENTS 2147483645
  PCTINCREASE 0 FREELISTS 1 FREELIST GROUPS 1 BUFFER_POOL DEFAULT FLASH_CACHE DEFAULT CELL_FLASH_CACHE DEFAULT)
  TABLESPACE "SYSTEM"  ENABLE;
--------------------------------------------------------
--  Constraints for Table TOUR_INFO
--------------------------------------------------------

  ALTER TABLE "FINAL"."TOUR_INFO" MODIFY ("TOUR_INFO_NUMBER" NOT NULL ENABLE);
  ALTER TABLE "FINAL"."TOUR_INFO" MODIFY ("SERVICE_NUMBER" NOT NULL ENABLE);
  ALTER TABLE "FINAL"."TOUR_INFO" ADD PRIMARY KEY ("TOUR_INFO_NUMBER")
  USING INDEX PCTFREE 10 INITRANS 2 MAXTRANS 255 COMPUTE STATISTICS 
  STORAGE(INITIAL 65536 NEXT 1048576 MINEXTENTS 1 MAXEXTENTS 2147483645
  PCTINCREASE 0 FREELISTS 1 FREELIST GROUPS 1 BUFFER_POOL DEFAULT FLASH_CACHE DEFAULT CELL_FLASH_CACHE DEFAULT)
  TABLESPACE "SYSTEM"  ENABLE;
--------------------------------------------------------
--  Constraints for Table FACILITIES
--------------------------------------------------------

  ALTER TABLE "FINAL"."FACILITIES" MODIFY ("FACILITIES_NUMBER" NOT NULL ENABLE);
  ALTER TABLE "FINAL"."FACILITIES" MODIFY ("SERVICE_NUMBER" NOT NULL ENABLE);
  ALTER TABLE "FINAL"."FACILITIES" ADD PRIMARY KEY ("FACILITIES_NUMBER")
  USING INDEX PCTFREE 10 INITRANS 2 MAXTRANS 255 COMPUTE STATISTICS 
  STORAGE(INITIAL 65536 NEXT 1048576 MINEXTENTS 1 MAXEXTENTS 2147483645
  PCTINCREASE 0 FREELISTS 1 FREELIST GROUPS 1 BUFFER_POOL DEFAULT FLASH_CACHE DEFAULT CELL_FLASH_CACHE DEFAULT)
  TABLESPACE "SYSTEM"  ENABLE;
--------------------------------------------------------
--  Constraints for Table MESSAGE
--------------------------------------------------------

  ALTER TABLE "FINAL"."MESSAGE" MODIFY ("MESSAGE_NUMBER" NOT NULL ENABLE);
  ALTER TABLE "FINAL"."MESSAGE" MODIFY ("SEND_USERID" NOT NULL ENABLE);
  ALTER TABLE "FINAL"."MESSAGE" MODIFY ("RECEIVE_USERID" NOT NULL ENABLE);
  ALTER TABLE "FINAL"."MESSAGE" MODIFY ("MESSAGE_CONTENT" NOT NULL ENABLE);
  ALTER TABLE "FINAL"."MESSAGE" MODIFY ("SEND_TIME" NOT NULL ENABLE);
  ALTER TABLE "FINAL"."MESSAGE" ADD PRIMARY KEY ("MESSAGE_NUMBER")
  USING INDEX PCTFREE 10 INITRANS 2 MAXTRANS 255 COMPUTE STATISTICS 
  STORAGE(INITIAL 65536 NEXT 1048576 MINEXTENTS 1 MAXEXTENTS 2147483645
  PCTINCREASE 0 FREELISTS 1 FREELIST GROUPS 1 BUFFER_POOL DEFAULT FLASH_CACHE DEFAULT CELL_FLASH_CACHE DEFAULT)
  TABLESPACE "SYSTEM"  ENABLE;
--------------------------------------------------------
--  Constraints for Table TOUR_SERVICE
--------------------------------------------------------

  ALTER TABLE "FINAL"."TOUR_SERVICE" MODIFY ("SERVICE_NUMBER" NOT NULL ENABLE);
  ALTER TABLE "FINAL"."TOUR_SERVICE" MODIFY ("CATE_NUMBER" NOT NULL ENABLE);
  ALTER TABLE "FINAL"."TOUR_SERVICE" MODIFY ("USER_ID" NOT NULL ENABLE);
  ALTER TABLE "FINAL"."TOUR_SERVICE" ADD PRIMARY KEY ("SERVICE_NUMBER")
  USING INDEX PCTFREE 10 INITRANS 2 MAXTRANS 255 COMPUTE STATISTICS 
  STORAGE(INITIAL 65536 NEXT 1048576 MINEXTENTS 1 MAXEXTENTS 2147483645
  PCTINCREASE 0 FREELISTS 1 FREELIST GROUPS 1 BUFFER_POOL DEFAULT FLASH_CACHE DEFAULT CELL_FLASH_CACHE DEFAULT)
  TABLESPACE "SYSTEM"  ENABLE;
--------------------------------------------------------
--  Constraints for Table TOUR_OPTION
-------------------------------------------------------- 

  ALTER TABLE "FINAL"."TOUR_OPTION" ADD PRIMARY KEY ("TOUR_OPTION_NUMBER")
  USING INDEX PCTFREE 10 INITRANS 2 MAXTRANS 255 COMPUTE STATISTICS 
  STORAGE(INITIAL 65536 NEXT 1048576 MINEXTENTS 1 MAXEXTENTS 2147483645
  PCTINCREASE 0 FREELISTS 1 FREELIST GROUPS 1 BUFFER_POOL DEFAULT FLASH_CACHE DEFAULT CELL_FLASH_CACHE DEFAULT)
  TABLESPACE "SYSTEM"  ENABLE;
  ALTER TABLE "FINAL"."TOUR_OPTION" MODIFY ("TOUR_OPTION_INDEX" NOT NULL ENABLE);
  ALTER TABLE "FINAL"."TOUR_OPTION" MODIFY ("SERVICE_NUMBER" NOT NULL ENABLE);
  ALTER TABLE "FINAL"."TOUR_OPTION" MODIFY ("TOUR_OPTION_NUMBER" NOT NULL ENABLE);
--------------------------------------------------------
--  Constraints for Table CONVENIENCE
--------------------------------------------------------

  ALTER TABLE "FINAL"."CONVENIENCE" ADD PRIMARY KEY ("CONVENIENCE_NUMBER")
  USING INDEX PCTFREE 10 INITRANS 2 MAXTRANS 255 COMPUTE STATISTICS 
  STORAGE(INITIAL 65536 NEXT 1048576 MINEXTENTS 1 MAXEXTENTS 2147483645
  PCTINCREASE 0 FREELISTS 1 FREELIST GROUPS 1 BUFFER_POOL DEFAULT FLASH_CACHE DEFAULT CELL_FLASH_CACHE DEFAULT)
  TABLESPACE "SYSTEM"  ENABLE;
  ALTER TABLE "FINAL"."CONVENIENCE" MODIFY ("CONVENIENCE_NUMBER" NOT NULL ENABLE);
  ALTER TABLE "FINAL"."CONVENIENCE" MODIFY ("SERVICE_NUMBER" NOT NULL ENABLE);
--------------------------------------------------------
--  Constraints for Table ACCOM_SERVICE
--------------------------------------------------------

  ALTER TABLE "FINAL"."ACCOM_SERVICE" MODIFY ("ACCOM_SERVICE_NUMBER" NOT NULL ENABLE);
  ALTER TABLE "FINAL"."ACCOM_SERVICE" MODIFY ("CATE_NUMBER" NOT NULL ENABLE);
  ALTER TABLE "FINAL"."ACCOM_SERVICE" ADD PRIMARY KEY ("ACCOM_SERVICE_NUMBER")
  USING INDEX PCTFREE 10 INITRANS 2 MAXTRANS 255 COMPUTE STATISTICS 
  STORAGE(INITIAL 65536 NEXT 1048576 MINEXTENTS 1 MAXEXTENTS 2147483645
  PCTINCREASE 0 FREELISTS 1 FREELIST GROUPS 1 BUFFER_POOL DEFAULT FLASH_CACHE DEFAULT CELL_FLASH_CACHE DEFAULT)
  TABLESPACE "SYSTEM"  ENABLE;
--------------------------------------------------------
--  Constraints for Table VISITOR_INFO
--------------------------------------------------------

  ALTER TABLE "FINAL"."VISITOR_INFO" ADD PRIMARY KEY ("VISITOR_INFO_NUMBER")
  USING INDEX PCTFREE 10 INITRANS 2 MAXTRANS 255 COMPUTE STATISTICS 
  STORAGE(INITIAL 65536 NEXT 1048576 MINEXTENTS 1 MAXEXTENTS 2147483645
  PCTINCREASE 0 FREELISTS 1 FREELIST GROUPS 1 BUFFER_POOL DEFAULT FLASH_CACHE DEFAULT CELL_FLASH_CACHE DEFAULT)
  TABLESPACE "SYSTEM"  ENABLE;
  ALTER TABLE "FINAL"."VISITOR_INFO" MODIFY ("ACCOM_BOOK_NUMBER" NOT NULL ENABLE);
  ALTER TABLE "FINAL"."VISITOR_INFO" MODIFY ("VISITOR_INFO_NUMBER" NOT NULL ENABLE);
--------------------------------------------------------
--  Constraints for Table CHATUSERS
--------------------------------------------------------

  ALTER TABLE "FINAL"."CHATUSERS" ADD PRIMARY KEY ("NUM")
  USING INDEX PCTFREE 10 INITRANS 2 MAXTRANS 255 COMPUTE STATISTICS 
  STORAGE(INITIAL 65536 NEXT 1048576 MINEXTENTS 1 MAXEXTENTS 2147483645
  PCTINCREASE 0 FREELISTS 1 FREELIST GROUPS 1 BUFFER_POOL DEFAULT FLASH_CACHE DEFAULT CELL_FLASH_CACHE DEFAULT)
  TABLESPACE "SYSTEM"  ENABLE;
--------------------------------------------------------
--  Constraints for Table IMAGE
--------------------------------------------------------

  ALTER TABLE "FINAL"."IMAGE" MODIFY ("IMG_NUM" NOT NULL ENABLE);
  ALTER TABLE "FINAL"."IMAGE" MODIFY ("IMGORGNAME" NOT NULL ENABLE);
  ALTER TABLE "FINAL"."IMAGE" MODIFY ("IMGSAVENAME" NOT NULL ENABLE);
  ALTER TABLE "FINAL"."IMAGE" MODIFY ("GENERAL_NUMBER" NOT NULL ENABLE);
  ALTER TABLE "FINAL"."IMAGE" MODIFY ("CATE_NUMBER" NOT NULL ENABLE);
  ALTER TABLE "FINAL"."IMAGE" ADD PRIMARY KEY ("IMG_NUM")
  USING INDEX PCTFREE 10 INITRANS 2 MAXTRANS 255 COMPUTE STATISTICS 
  STORAGE(INITIAL 65536 NEXT 1048576 MINEXTENTS 1 MAXEXTENTS 2147483645
  PCTINCREASE 0 FREELISTS 1 FREELIST GROUPS 1 BUFFER_POOL DEFAULT FLASH_CACHE DEFAULT CELL_FLASH_CACHE DEFAULT)
  TABLESPACE "SYSTEM"  ENABLE;
--------------------------------------------------------
--  Constraints for Table WISHLIST
--------------------------------------------------------

  ALTER TABLE "FINAL"."WISHLIST" MODIFY ("WISHNUM" NOT NULL ENABLE);
  ALTER TABLE "FINAL"."WISHLIST" MODIFY ("SERVICE_NUMBER" NOT NULL ENABLE);
  ALTER TABLE "FINAL"."WISHLIST" MODIFY ("USER_ID" NOT NULL ENABLE);
  ALTER TABLE "FINAL"."WISHLIST" ADD PRIMARY KEY ("WISHNUM")
  USING INDEX PCTFREE 10 INITRANS 2 MAXTRANS 255 COMPUTE STATISTICS 
  STORAGE(INITIAL 65536 NEXT 1048576 MINEXTENTS 1 MAXEXTENTS 2147483645
  PCTINCREASE 0 FREELISTS 1 FREELIST GROUPS 1 BUFFER_POOL DEFAULT FLASH_CACHE DEFAULT CELL_FLASH_CACHE DEFAULT)
  TABLESPACE "SYSTEM"  ENABLE;
--------------------------------------------------------
--  Constraints for Table CUSTOMERCENTER_ANSWER
--------------------------------------------------------

  ALTER TABLE "FINAL"."CUSTOMERCENTER_ANSWER" MODIFY ("ANSWER_NUMBER" NOT NULL ENABLE);
  ALTER TABLE "FINAL"."CUSTOMERCENTER_ANSWER" MODIFY ("QUESTION_NUMBER" NOT NULL ENABLE);
  ALTER TABLE "FINAL"."CUSTOMERCENTER_ANSWER" MODIFY ("ANSWER_DATE" NOT NULL ENABLE);
  ALTER TABLE "FINAL"."CUSTOMERCENTER_ANSWER" ADD PRIMARY KEY ("ANSWER_NUMBER")
  USING INDEX PCTFREE 10 INITRANS 2 MAXTRANS 255 COMPUTE STATISTICS 
  STORAGE(INITIAL 65536 NEXT 1048576 MINEXTENTS 1 MAXEXTENTS 2147483645
  PCTINCREASE 0 FREELISTS 1 FREELIST GROUPS 1 BUFFER_POOL DEFAULT FLASH_CACHE DEFAULT CELL_FLASH_CACHE DEFAULT)
  TABLESPACE "SYSTEM"  ENABLE;
--------------------------------------------------------
--  Constraints for Table USER_INFO
--------------------------------------------------------

  ALTER TABLE "FINAL"."USER_INFO" MODIFY ("USER_ID" NOT NULL ENABLE);
  ALTER TABLE "FINAL"."USER_INFO" MODIFY ("USER_PASS" NOT NULL ENABLE);
  ALTER TABLE "FINAL"."USER_INFO" MODIFY ("USER_NAME" NOT NULL ENABLE);
  ALTER TABLE "FINAL"."USER_INFO" MODIFY ("USER_GRADE" NOT NULL ENABLE);
  ALTER TABLE "FINAL"."USER_INFO" ADD PRIMARY KEY ("USER_ID")
  USING INDEX PCTFREE 10 INITRANS 2 MAXTRANS 255 COMPUTE STATISTICS 
  STORAGE(INITIAL 65536 NEXT 1048576 MINEXTENTS 1 MAXEXTENTS 2147483645
  PCTINCREASE 0 FREELISTS 1 FREELIST GROUPS 1 BUFFER_POOL DEFAULT FLASH_CACHE DEFAULT CELL_FLASH_CACHE DEFAULT)
  TABLESPACE "SYSTEM"  ENABLE;
--------------------------------------------------------
--  Constraints for Table SERVICE_ANSWER
--------------------------------------------------------

  ALTER TABLE "FINAL"."SERVICE_ANSWER" MODIFY ("SERVICE_ANSWER_NUMBER" NOT NULL ENABLE);
  ALTER TABLE "FINAL"."SERVICE_ANSWER" MODIFY ("SERVICE_QUESTION_NUMBER" NOT NULL ENABLE);
  ALTER TABLE "FINAL"."SERVICE_ANSWER" ADD PRIMARY KEY ("SERVICE_ANSWER_NUMBER")
  USING INDEX PCTFREE 10 INITRANS 2 MAXTRANS 255 COMPUTE STATISTICS 
  STORAGE(INITIAL 65536 NEXT 1048576 MINEXTENTS 1 MAXEXTENTS 2147483645
  PCTINCREASE 0 FREELISTS 1 FREELIST GROUPS 1 BUFFER_POOL DEFAULT FLASH_CACHE DEFAULT CELL_FLASH_CACHE DEFAULT)
  TABLESPACE "SYSTEM"  ENABLE;
--------------------------------------------------------
--  Constraints for Table TOUR_BOOK
--------------------------------------------------------

  ALTER TABLE "FINAL"."TOUR_BOOK" ADD PRIMARY KEY ("TOUR_BOOK_NUMBER")
  USING INDEX PCTFREE 10 INITRANS 2 MAXTRANS 255 COMPUTE STATISTICS 
  STORAGE(INITIAL 65536 NEXT 1048576 MINEXTENTS 1 MAXEXTENTS 2147483645
  PCTINCREASE 0 FREELISTS 1 FREELIST GROUPS 1 BUFFER_POOL DEFAULT FLASH_CACHE DEFAULT CELL_FLASH_CACHE DEFAULT)
  TABLESPACE "SYSTEM"  ENABLE;
  ALTER TABLE "FINAL"."TOUR_BOOK" MODIFY ("USER_ID" NOT NULL ENABLE);
  ALTER TABLE "FINAL"."TOUR_BOOK" MODIFY ("TOUR_BOOK_NUMBER" NOT NULL ENABLE);
--------------------------------------------------------
--  Constraints for Table BOOK_MANAGEMENT
--------------------------------------------------------

  ALTER TABLE "FINAL"."BOOK_MANAGEMENT" MODIFY ("BOOK_NUMBER" NOT NULL ENABLE);
  ALTER TABLE "FINAL"."BOOK_MANAGEMENT" MODIFY ("USER_ID" NOT NULL ENABLE);
  ALTER TABLE "FINAL"."BOOK_MANAGEMENT" ADD PRIMARY KEY ("BOOK_NUMBER")
  USING INDEX PCTFREE 10 INITRANS 2 MAXTRANS 255 COMPUTE STATISTICS 
  STORAGE(INITIAL 65536 NEXT 1048576 MINEXTENTS 1 MAXEXTENTS 2147483645
  PCTINCREASE 0 FREELISTS 1 FREELIST GROUPS 1 BUFFER_POOL DEFAULT FLASH_CACHE DEFAULT CELL_FLASH_CACHE DEFAULT)
  TABLESPACE "SYSTEM"  ENABLE;
--------------------------------------------------------
--  Constraints for Table TOUR_BOOK_OPTION
--------------------------------------------------------

  ALTER TABLE "FINAL"."TOUR_BOOK_OPTION" ADD PRIMARY KEY ("TOUR_BOOK_OPTION_NUMBER")
  USING INDEX PCTFREE 10 INITRANS 2 MAXTRANS 255 COMPUTE STATISTICS 
  STORAGE(INITIAL 65536 NEXT 1048576 MINEXTENTS 1 MAXEXTENTS 2147483645
  PCTINCREASE 0 FREELISTS 1 FREELIST GROUPS 1 BUFFER_POOL DEFAULT FLASH_CACHE DEFAULT CELL_FLASH_CACHE DEFAULT)
  TABLESPACE "SYSTEM"  ENABLE;
  ALTER TABLE "FINAL"."TOUR_BOOK_OPTION" MODIFY ("TOUR_BOOK_OPTION_NUMBER" NOT NULL ENABLE);
--------------------------------------------------------
--  Constraints for Table ACCOM_BOOK
--------------------------------------------------------

  ALTER TABLE "FINAL"."ACCOM_BOOK" ADD PRIMARY KEY ("ACCOM_BOOK_NUMBER")
  USING INDEX PCTFREE 10 INITRANS 2 MAXTRANS 255 COMPUTE STATISTICS 
  STORAGE(INITIAL 65536 NEXT 1048576 MINEXTENTS 1 MAXEXTENTS 2147483645
  PCTINCREASE 0 FREELISTS 1 FREELIST GROUPS 1 BUFFER_POOL DEFAULT FLASH_CACHE DEFAULT CELL_FLASH_CACHE DEFAULT)
  TABLESPACE "SYSTEM"  ENABLE;
  ALTER TABLE "FINAL"."ACCOM_BOOK" MODIFY ("USER_ID" NOT NULL ENABLE);
  ALTER TABLE "FINAL"."ACCOM_BOOK" MODIFY ("ACCOM_BOOK_NUMBER" NOT NULL ENABLE);
--------------------------------------------------------
--  Constraints for Table ACCOM_OPTION
--------------------------------------------------------

  ALTER TABLE "FINAL"."ACCOM_OPTION" ADD PRIMARY KEY ("ACCOM_OPTION_NUMBER")
  USING INDEX PCTFREE 10 INITRANS 2 MAXTRANS 255 COMPUTE STATISTICS 
  STORAGE(INITIAL 65536 NEXT 1048576 MINEXTENTS 1 MAXEXTENTS 2147483645
  PCTINCREASE 0 FREELISTS 1 FREELIST GROUPS 1 BUFFER_POOL DEFAULT FLASH_CACHE DEFAULT CELL_FLASH_CACHE DEFAULT)
  TABLESPACE "SYSTEM"  ENABLE;
  ALTER TABLE "FINAL"."ACCOM_OPTION" MODIFY ("ACCOM_SERVICE_NUMBER" NOT NULL ENABLE);
  ALTER TABLE "FINAL"."ACCOM_OPTION" MODIFY ("ACCOM_OPTION_NUMBER" NOT NULL ENABLE);
--------------------------------------------------------
--  Constraints for Table NOTICE_BOARD
--------------------------------------------------------

  ALTER TABLE "FINAL"."NOTICE_BOARD" MODIFY ("NOTICE_NUMBER" NOT NULL ENABLE);
  ALTER TABLE "FINAL"."NOTICE_BOARD" MODIFY ("NOTICE_TITLE" NOT NULL ENABLE);
  ALTER TABLE "FINAL"."NOTICE_BOARD" ADD PRIMARY KEY ("NOTICE_NUMBER")
  USING INDEX PCTFREE 10 INITRANS 2 MAXTRANS 255 COMPUTE STATISTICS 
  STORAGE(INITIAL 65536 NEXT 1048576 MINEXTENTS 1 MAXEXTENTS 2147483645
  PCTINCREASE 0 FREELISTS 1 FREELIST GROUPS 1 BUFFER_POOL DEFAULT FLASH_CACHE DEFAULT CELL_FLASH_CACHE DEFAULT)
  TABLESPACE "SYSTEM"  ENABLE;
--------------------------------------------------------
--  Constraints for Table CATEGORY
--------------------------------------------------------

  ALTER TABLE "FINAL"."CATEGORY" MODIFY ("CATE_NUMBER" NOT NULL ENABLE);
  ALTER TABLE "FINAL"."CATEGORY" ADD PRIMARY KEY ("CATE_NUMBER")
  USING INDEX PCTFREE 10 INITRANS 2 MAXTRANS 255 COMPUTE STATISTICS 
  STORAGE(INITIAL 65536 NEXT 1048576 MINEXTENTS 1 MAXEXTENTS 2147483645
  PCTINCREASE 0 FREELISTS 1 FREELIST GROUPS 1 BUFFER_POOL DEFAULT FLASH_CACHE DEFAULT CELL_FLASH_CACHE DEFAULT)
  TABLESPACE "SYSTEM"  ENABLE;
--------------------------------------------------------
--  Constraints for Table COUPON
--------------------------------------------------------

  ALTER TABLE "FINAL"."COUPON" ADD PRIMARY KEY ("COUPON_NUMBER")
  USING INDEX PCTFREE 10 INITRANS 2 MAXTRANS 255 COMPUTE STATISTICS 
  STORAGE(INITIAL 65536 NEXT 1048576 MINEXTENTS 1 MAXEXTENTS 2147483645
  PCTINCREASE 0 FREELISTS 1 FREELIST GROUPS 1 BUFFER_POOL DEFAULT FLASH_CACHE DEFAULT CELL_FLASH_CACHE DEFAULT)
  TABLESPACE "SYSTEM"  ENABLE;
  ALTER TABLE "FINAL"."COUPON" MODIFY ("USER_ID" NOT NULL ENABLE);
  ALTER TABLE "FINAL"."COUPON" MODIFY ("COUPON_NAME" NOT NULL ENABLE);
  ALTER TABLE "FINAL"."COUPON" MODIFY ("COUPON_NUMBER" NOT NULL ENABLE);
--------------------------------------------------------
--  Constraints for Table ACCOM_INFO
--------------------------------------------------------

  ALTER TABLE "FINAL"."ACCOM_INFO" ADD PRIMARY KEY ("ACCOM_INFO_NUMBER")
  USING INDEX PCTFREE 10 INITRANS 2 MAXTRANS 255 COMPUTE STATISTICS 
  STORAGE(INITIAL 65536 NEXT 1048576 MINEXTENTS 1 MAXEXTENTS 2147483645
  PCTINCREASE 0 FREELISTS 1 FREELIST GROUPS 1 BUFFER_POOL DEFAULT FLASH_CACHE DEFAULT CELL_FLASH_CACHE DEFAULT)
  TABLESPACE "SYSTEM"  ENABLE;
  ALTER TABLE "FINAL"."ACCOM_INFO" MODIFY ("ACCOM_SERVICE_NUMBER" NOT NULL ENABLE);
  ALTER TABLE "FINAL"."ACCOM_INFO" MODIFY ("ACCOM_INFO_NUMBER" NOT NULL ENABLE);
--------------------------------------------------------
--  Constraints for Table REVIEW
--------------------------------------------------------

  ALTER TABLE "FINAL"."REVIEW" ADD PRIMARY KEY ("REVIEW_NUMBER")
  USING INDEX PCTFREE 10 INITRANS 2 MAXTRANS 255 COMPUTE STATISTICS 
  STORAGE(INITIAL 65536 NEXT 1048576 MINEXTENTS 1 MAXEXTENTS 2147483645
  PCTINCREASE 0 FREELISTS 1 FREELIST GROUPS 1 BUFFER_POOL DEFAULT FLASH_CACHE DEFAULT CELL_FLASH_CACHE DEFAULT)
  TABLESPACE "SYSTEM"  ENABLE;
  ALTER TABLE "FINAL"."REVIEW" MODIFY ("CATE_NUMBER" NOT NULL ENABLE);
  ALTER TABLE "FINAL"."REVIEW" MODIFY ("USER_ID" NOT NULL ENABLE);
  ALTER TABLE "FINAL"."REVIEW" MODIFY ("REVIEW_NUMBER" NOT NULL ENABLE);
--------------------------------------------------------
--  Constraints for Table SERVICE_QUESTION
--------------------------------------------------------

  ALTER TABLE "FINAL"."SERVICE_QUESTION" MODIFY ("SERVICE_QUESTION_NUMBER" NOT NULL ENABLE);
  ALTER TABLE "FINAL"."SERVICE_QUESTION" MODIFY ("USER_ID" NOT NULL ENABLE);
  ALTER TABLE "FINAL"."SERVICE_QUESTION" MODIFY ("CATE_NUMBER" NOT NULL ENABLE);
  ALTER TABLE "FINAL"."SERVICE_QUESTION" ADD PRIMARY KEY ("SERVICE_QUESTION_NUMBER")
  USING INDEX PCTFREE 10 INITRANS 2 MAXTRANS 255 COMPUTE STATISTICS 
  STORAGE(INITIAL 65536 NEXT 1048576 MINEXTENTS 1 MAXEXTENTS 2147483645
  PCTINCREASE 0 FREELISTS 1 FREELIST GROUPS 1 BUFFER_POOL DEFAULT FLASH_CACHE DEFAULT CELL_FLASH_CACHE DEFAULT)
  TABLESPACE "SYSTEM"  ENABLE;
--------------------------------------------------------
--  Constraints for Table ID_TOKEN
--------------------------------------------------------

  ALTER TABLE "FINAL"."ID_TOKEN" MODIFY ("TOKEN_NUMBER" NOT NULL ENABLE);
  ALTER TABLE "FINAL"."ID_TOKEN" MODIFY ("USER_ID" NOT NULL ENABLE);
  ALTER TABLE "FINAL"."ID_TOKEN" ADD PRIMARY KEY ("TOKEN_NUMBER")
  USING INDEX PCTFREE 10 INITRANS 2 MAXTRANS 255 COMPUTE STATISTICS 
  STORAGE(INITIAL 65536 NEXT 1048576 MINEXTENTS 1 MAXEXTENTS 2147483645
  PCTINCREASE 0 FREELISTS 1 FREELIST GROUPS 1 BUFFER_POOL DEFAULT FLASH_CACHE DEFAULT CELL_FLASH_CACHE DEFAULT)
  TABLESPACE "SYSTEM"  ENABLE;
--------------------------------------------------------
--  Constraints for Table CUSTOMERCENTER
--------------------------------------------------------

  ALTER TABLE "FINAL"."CUSTOMERCENTER" MODIFY ("QUESTION_NUMBER" NOT NULL ENABLE);
  ALTER TABLE "FINAL"."CUSTOMERCENTER" MODIFY ("USER_ID" NOT NULL ENABLE);
  ALTER TABLE "FINAL"."CUSTOMERCENTER" ADD PRIMARY KEY ("QUESTION_NUMBER")
  USING INDEX PCTFREE 10 INITRANS 2 MAXTRANS 255 COMPUTE STATISTICS 
  STORAGE(INITIAL 65536 NEXT 1048576 MINEXTENTS 1 MAXEXTENTS 2147483645
  PCTINCREASE 0 FREELISTS 1 FREELIST GROUPS 1 BUFFER_POOL DEFAULT FLASH_CACHE DEFAULT CELL_FLASH_CACHE DEFAULT)
  TABLESPACE "SYSTEM"  ENABLE;
